Sample,Temp(BME680),Presure(BME680),H.R.(BME680),R(BME680),CO2(SGP30),TVOC(SGP30),H2(SGP30),Etanol(SGP30),CO2(CCS811),TVOC(CCS811),Res(ohm)(CCS811),CO2(iAQ),TVOC(iAQ),R(iAQ-Core),Aire/Muestra
1,22,96564,4,0,400,0,14266,18888,666,40,111500,1951,539,522782,0
2,22,96630,4,1161302432,400,2,14266,18891,656,39,112000,2012,556,512621,0
3,23,96701,4,1164134496,400,6,14276,18894,666,40,111500,1595,441,591847,0
4,23,96770,4,1167170960,400,0,14271,18892,666,40,111500,1518,420,609270,0
5,24,96834,4,1169185460,417,11,14272,18890,666,40,111500,1559,431,600000,0
6,24,96895,4,1171207755,414,5,14266,18893,666,40,111500,1790,494,552000,0
7,25,96964,4,1173383236,411,2,14274,18896,666,40,111500,1661,459,577784,0
8,25,97027,4,1174955130,401,3,14275,18898,666,40,111500,1715,474,566744,0
9,25,97089,4,1176040065,409,0,14273,18904,688,43,110750,1632,451,583870,0
10,26,97148,4,1177108925,413,3,14270,18898,666,40,111500,1563,432,599085,0
11,26,97213,4,1178237482,414,12,14266,18893,679,42,111250,1502,415,613043,0
12,27,97270,4,1179325291,412,11,14271,18895,666,40,111500,1292,357,666821,0
13,27,97327,4,1180469846,416,13,14268,18889,666,40,111500,1257,348,676716,0
14,27,97382,4,1181557731,408,10,14270,18894,666,40,111500,1343,371,652941,0
15,28,97438,4,1182706274,405,7,14272,18895,666,40,111500,1331,368,656102,0
16,28,97499,4,1183304956,401,7,14270,18898,666,40,111500,1331,368,656102,0
17,29,97552,4,1183880645,422,18,14263,18887,666,40,111500,1343,371,652941,0
18,29,97605,4,1184405120,401,14,14278,18903,679,42,111250,1470,406,620702,0
19,29,97656,4,1184908996,412,10,14264,18888,699,45,110250,1470,406,620702,0
20,30,97709,4,1185443817,412,17,14268,18886,679,42,111250,1595,441,591847,0
21,30,97762,4,1186011116,401,6,14277,18898,656,39,112000,1587,439,593644,0
22,30,97815,4,1186603940,406,14,14275,18891,666,40,111500,1644,454,581250,0
23,31,97860,4,1187193394,402,11,14276,18891,666,40,111500,1752,484,559295,0
24,31,97911,4,1187678332,400,7,14271,18902,666,40,111500,1644,454,581250,0
25,31,97958,4,1188227860,403,9,14268,18900,666,40,111500,1579,436,595449,0
26,31,98007,4,1188739137,412,12,14276,18892,666,40,111500,1474,407,619736,0
27,32,98055,4,1189269299,408,16,14269,18883,666,40,111500,1731,478,563414,0
28,32,98100,4,1189731180,400,8,14272,18898,679,42,111250,1706,471,568421,0
29,32,98145,4,1190245778,409,9,14261,18887,699,45,110250,1731,478,563414,0
30,33,98192,4,1190796133,414,12,14266,18881,666,40,111500,1641,453,582121,0
31,33,98239,4,1191211766,412,13,14271,18884,688,43,110750,1661,459,577784,0
32,33,98280,4,1191432940,400,2,14271,18896,659,39,111500,1956,540,522045,0
33,34,98319,4,1191658802,406,17,14267,18886,659,39,111500,1736,480,562587,0
34,34,98363,4,1191912090,400,9,14277,18902,659,39,111500,1921,530,527980,0
35,34,98404,4,1192139853,400,11,14269,18902,674,41,111250,1977,546,518389,0
36,34,98443,4,1192337132,423,9,14260,18890,659,39,111500,1470,406,620702,0
37,35,98482,4,1192560470,413,11,14270,18887,659,39,111500,1323,366,658223,0
38,35,98528,4,1192794512,406,8,14265,18892,674,41,111250,1153,319,707891,0
39,35,98567,5,1193020732,413,9,14264,18887,692,44,110250,1458,403,623614,0
40,35,98602,5,1193177317,402,10,14273,18900,674,41,111250,1300,360,664655,0
41,36,98639,5,1193410999,405,10,14269,18895,659,39,111500,1454,402,624590,0
42,36,98674,5,1193644579,402,9,14271,18897,659,39,111500,1442,399,627531,0
43,36,98708,5,1193776371,402,4,14266,18894,659,39,111500,1438,398,628517,0
44,36,98751,5,1193957155,409,3,14272,18901,674,41,111250,1612,445,588281,0
45,37,98785,5,1194167785,407,12,14265,18896,659,39,111500,1607,444,589169,0
46,37,98820,5,1194436272,410,13,14260,18896,659,39,111500,1599,442,590952,0
47,37,98853,5,1194588131,417,14,14257,18886,682,42,110750,1632,451,583870,0
48,37,98887,5,1194704651,409,8,14272,18885,682,42,110750,1698,469,570105,0
49,37,98920,5,1194904378,400,6,14270,18896,674,41,111250,1776,491,554415,0
50,38,98951,5,1195096811,412,3,14265,18895,659,39,111500,1717,474,565909,0
51,38,98982,5,1195245197,422,15,14261,18882,674,41,111250,1672,462,575206,0
52,38,99018,5,1195360679,406,8,14269,18895,659,39,111500,1635,452,582995,0
53,38,99050,5,1195545469,417,13,14256,18887,682,42,110750,1590,439,592744,0
54,39,99081,5,1195689586,415,10,14260,18883,659,39,111500,1618,447,586510,0
55,39,99108,5,1195892160,404,8,14268,18898,674,41,111250,1651,456,579513,0
56,39,99138,5,1195971778,402,4,14269,18896,674,41,111250,1643,454,581250,0
57,39,99165,5,1196125750,417,12,14255,18884,674,41,111250,1734,479,562587,0
58,39,99194,5,1196333912,414,13,14267,18885,674,41,111250,1693,468,570950,0
59,39,99222,5,1196479215,408,7,14268,18894,682,42,110750,1693,468,570950,0
60,40,99247,5,1196698652,412,13,14265,18900,674,41,111250,1618,447,586510,1
61,40,99281,5,1196689739,409,10,14263,18895,659,39,111500,1693,468,570950,1
62,40,99308,5,1196548677,455,23,14235,18880,638,36,112500,1685,466,572647,1
63,40,99336,5,1196342373,609,58,14109,18825,945,83,102750,1776,491,554415,1
64,40,99360,6,1196266596,769,91,13987,18775,1575,226,87500,1959,541,521311,1
65,41,99385,6,1196199947,856,118,13926,18727,1756,396,78500,2514,694,441193,1
66,41,99410,6,1196233189,941,141,13890,18689,1836,497,75000,3111,858,378614,1
67,41,99434,7,1196233189,980,167,13877,18651,1887,567,72750,3517,970,345362,1
68,41,99459,7,1196325461,976,170,13873,18648,1899,584,72500,3674,1013,334042,1
69,41,99483,7,1196419008,1010,176,13865,18633,1887,567,72750,3374,931,356389,1
70,41,99504,7,1196539956,1016,192,13865,18617,1887,567,72750,3512,969,345762,1
71,41,99534,7,1196548677,1022,203,13869,18603,1877,550,73250,3338,921,359328,1
72,42,99558,7,1196698652,982,195,13873,18613,1865,536,73750,3270,902,364878,1
73,42,99577,7,1196824638,991,202,13868,18602,1865,536,73750,3275,903,364447,1
74,42,99601,7,1196906842,1001,204,13865,18596,1865,536,73750,3437,948,351428,1
75,42,99622,7,1197055385,1003,199,13865,18603,1855,523,74000,3512,969,345762,1
76,42,99644,7,1197074173,1014,209,13858,18593,1855,523,74000,3565,983,341793,1
77,42,99667,7,1197207089,1001,209,13865,18584,1877,550,73250,3523,972,344963,1
78,42,99683,7,1197352271,990,205,13864,18593,1855,523,74000,3712,1024,331387,1
79,43,99707,7,1197411167,1009,206,13869,18588,1855,523,74000,3668,1011,334424,1
80,43,99724,7,1197610973,1019,207,13865,18588,1855,523,74000,3657,1008,335189,1
81,43,99744,7,1197641416,976,204,13869,18593,1855,523,74000,3800,1048,325425,1
82,43,99765,7,1197785154,994,201,13862,18590,1846,509,74500,3533,974,344167,1
83,43,99790,7,1197795527,995,210,13864,18589,1846,509,74500,3560,982,342187,1
84,43,99809,7,1197995389,998,213,13869,18580,1846,509,74500,3506,967,346163,1
85,43,99827,7,1198048872,1000,211,13866,18580,1846,509,74500,3517,970,345362,1
86,43,99846,7,1198189706,975,211,13869,18589,1865,536,73750,3767,1039,327643,1
87,44,99860,7,1198277673,990,215,13879,18587,1861,531,73750,3647,1006,335957,1
88,44,99882,7,1198389056,1002,206,13869,18594,1842,504,74500,3962,1092,314988,1
89,44,99895,7,1198445350,967,206,13871,18590,1852,518,74000,3663,1010,334806,1
90,44,99915,7,1198502052,991,211,13865,18583,1852,518,74000,3427,945,352248,1
91,44,99931,7,1198639828,1003,210,13862,18587,1852,518,74000,3443,950,351019,1
92,44,99944,7,1198744757,1003,214,13862,18580,1842,504,74500,3609,995,338663,1
93,44,99962,7,1198839200,1003,211,13860,18586,1842,504,74500,3917,1080,317821,1
94,44,99978,7,1198898798,999,204,13862,18590,1852,518,74000,3723,1027,330633,1
95,44,99995,7,1199007196,1006,202,13857,18590,1852,518,74000,4204,1159,300660,1
96,45,100009,7,1199043653,1018,213,13856,18578,1861,531,73750,3906,1077,318535,1
97,45,100033,7,1199166372,1020,210,13865,18585,1852,518,74000,3581,988,340615,1
98,45,100047,7,1199203550,1019,215,13856,18581,1852,518,74000,4128,1138,305000,1
99,45,100060,7,1199328705,1016,217,13859,18577,1852,518,74000,3706,1022,331764,1
100,45,100076,7,1199341326,995,206,13860,18591,1861,531,73750,3353,925,358064,1
101,45,100088,7,1199507164,1014,211,13860,18587,1861,531,73750,3491,963,347368,1
102,45,100105,7,1199577887,1035,227,13855,18568,1861,531,73750,3663,1010,334806,1
103,45,100119,7,1199603978,993,210,13867,18580,1861,531,73750,3663,1010,334806,1
104,45,100131,7,1199617084,1051,224,13848,18570,1871,545,73250,3923,1082,317465,1
105,45,100149,7,1199683230,1018,209,13854,18581,1871,545,73250,4175,1151,302319,1
106,45,100160,7,1199709980,1015,214,13848,18580,1883,559,72750,4031,1111,310802,1
107,46,100172,7,1199750422,1011,212,13850,18582,1871,545,73250,3904,1076,318535,1
108,46,100186,7,1199798093,1035,220,13849,18585,1871,545,73250,3704,1021,331764,1
109,46,100197,7,1199832469,1031,224,13844,18578,1883,559,72750,3859,1064,321412,1
110,46,100213,7,1199839377,1020,210,13855,18583,1871,545,73250,4000,1103,312537,1
111,46,100221,7,1199881059,1026,223,13843,18568,1871,545,73250,3682,1015,333280,1
112,46,100233,7,1199937263,1037,219,13847,18560,1883,559,72750,3737,1030,329508,1
113,46,100248,7,1199965638,1033,222,13854,18573,1883,559,72750,3682,1015,333280,1
114,46,100258,7,1199987041,1023,220,13847,18562,1883,559,72750,3693,1018,332521,1
115,46,100270,7,1200044627,1031,222,13849,18573,1895,579,72500,3569,984,341400,1
116,46,100278,7,1200059142,1038,218,13846,18569,1895,579,72500,3915,1080,317821,1
117,46,100300,7,1200102972,1040,219,13838,18566,1895,579,72500,4034,1112,310457,1
118,46,100308,7,1200132434,1048,229,13845,18559,1883,559,72750,4307,1187,294786,1
119,47,100320,7,1200132434,1064,228,13842,18560,1895,579,72500,3638,1003,336342,1
120,47,100333,7,1200132434,1055,222,13845,18573,1895,579,72500,3853,1062,321774,0
121,47,100341,7,1200229542,1065,218,13838,18572,1908,596,72000,3617,997,337887,0
122,47,100351,7,1200574448,734,193,14009,18622,1610,254,85250,3536,975,343770,0
123,47,100361,7,1200773898,527,136,14159,18696,1118,109,98750,3166,873,373657,0
124,47,100372,7,1201044413,438,97,14231,18764,821,64,106000,2429,670,451616,0
125,47,100382,6,1201107622,400,66,14264,18804,708,46,109500,2017,557,511194,0
126,47,100392,6,1201227186,400,53,14272,18817,603,30,113500,2009,555,512621,0
127,47,100400,6,1201349666,400,29,14290,18870,555,23,116000,2123,586,494543,0
128,47,100412,6,1201397572,400,7,14308,18889,524,18,117500,1876,518,535546,0
129,47,100419,6,1201484952,400,0,14316,18928,497,14,118750,1884,520,534020,0
130,47,100427,5,1201524269,400,0,14317,18932,477,11,120000,1724,476,564244,0
131,47,100437,5,1201613839,401,0,14307,18938,472,10,120500,1703,470,568421,0
132,47,100447,5,1201623887,400,0,14322,18957,451,7,121750,1708,472,567581,0
133,47,100455,5,1201684584,400,0,14323,18977,445,6,122000,1746,482,560115,0
134,47,100464,5,1201756295,412,0,14324,18972,456,8,121250,1783,492,552803,0
135,47,100470,5,1201808120,407,0,14323,18980,456,8,121250,1804,498,548805,0
136,48,100482,5,1201860456,400,0,14336,18996,441,6,122500,1829,505,544067,0
137,48,100490,5,1201860456,400,0,14335,19005,445,6,122000,1650,456,579513,0
138,48,100496,5,1201892105,408,0,14334,19007,445,6,122000,1708,472,567581,0
139,48,100506,5,1201913309,401,0,14329,19009,441,6,122500,1850,511,540168,0
140,48,100511,5,1201998972,404,0,14340,19021,432,4,122750,1983,548,516938,0
141,48,100519,5,1201945274,400,0,14337,19014,441,6,122500,1741,481,560937,0
142,48,100529,5,1202009776,402,0,14332,19026,432,4,122750,1642,454,581250,0
143,48,100535,5,1202031449,413,0,14329,19020,427,4,122750,1158,320,705501,0
144,48,100547,5,1202141129,409,0,14335,19045,443,6,122000,1243,344,680067,0
145,48,100555,5,1202130062,407,0,14325,19035,443,6,122000,1452,401,624590,0
146,48,100563,5,1202107993,401,0,14332,19036,438,5,122500,1376,380,643604,0
147,48,100571,5,1202185625,409,0,14330,19032,443,6,122000,1376,380,643604,0
148,48,100577,5,1202275709,412,0,14331,19037,438,5,122500,1601,442,590060,0
149,48,100583,5,1202264368,413,0,14329,19036,438,5,122500,1774,490,554415,0
150,48,100589,5,1202298461,408,0,14340,19045,438,5,122500,1724,476,564244,0
151,48,100594,5,1202298461,418,0,14331,19051,438,5,122500,1850,511,540168,0
152,48,100604,5,1202367280,416,0,14336,19050,443,6,122000,1820,503,545639,0
153,48,100610,5,1202298461,406,0,14329,19057,443,6,122000,1825,504,544852,0
154,48,100616,5,1202413635,414,0,14328,19044,448,7,121750,1654,457,578647,0
155,48,100622,5,1202425283,405,0,14327,19045,438,5,122500,1662,459,576923,0
156,48,100628,5,1202402010,413,0,14323,19034,443,6,122000,1532,423,605535,0
157,48,100632,5,1202436956,401,0,14340,19059,454,8,121250,1560,431,599085,0
158,48,100641,5,1202483892,415,0,14328,19047,443,6,122000,1712,473,566744,0
159,49,100647,5,1202543114,400,0,14339,19057,448,7,121750,1671,462,575206,0
160,49,100649,5,1202531220,422,0,14330,19059,443,6,122000,1666,460,576063,0
161,49,100657,5,1202566977,417,0,14324,19052,454,8,121250,1662,459,576923,0
162,49,100663,5,1202555033,423,0,14324,19045,454,8,121250,1746,482,560115,0
163,49,100665,5,1202651294,419,0,14325,19050,466,10,120500,1686,466,571797,0
164,49,100671,5,1202651294,422,8,14321,19041,454,8,121250,1665,460,576063,0
165,49,100681,5,1202675614,417,0,14326,19046,454,8,121250,1773,490,554415,0
166,49,100684,5,1202749198,415,0,14333,19043,454,8,121250,1828,505,544067,0
167,49,100690,5,1202724565,411,2,14325,19049,454,8,121250,1819,502,545639,0
168,49,100692,5,1202724565,412,0,14332,19053,454,8,121250,1858,513,538621,0
169,49,100696,5,1202724565,415,3,14323,19047,448,7,121750,1900,525,530986,0
170,49,100702,5,1202724565,412,0,14330,19041,448,7,121750,1836,507,542502,0
171,49,100706,5,1202749198,417,8,14327,19053,448,7,121750,1891,522,532500,0
172,49,100712,5,1202798779,412,2,14324,19041,454,8,121250,1836,507,542502,0
173,49,100718,5,1202761553,416,2,14327,19050,475,11,120000,1803,498,548805,0
174,49,100722,5,1202786344,412,4,14329,19044,454,8,121250,1723,476,564244,0
175,49,100728,5,1202873954,413,0,14321,19048,461,9,120750,1773,490,554415,0
176,49,100730,5,1202899228,413,3,14319,19046,454,8,121250,1748,483,559295,0
177,49,100734,5,1202848788,411,4,14325,19045,466,10,120500,1748,483,559295,0
178,49,100739,5,1202886577,412,0,14325,19059,454,8,121250,1760,486,556846,0
179,49,100743,5,1202911907,425,8,14321,19046,466,10,120500,1727,477,563414,0
180,49,100745,5,1202899228,422,9,14315,19048,454,8,121250,1778,491,553608,1
181,49,100749,5,1202950107,416,3,14324,19046,466,10,120500,1744,482,560115,1
182,49,100755,5,1202937346,412,3,14324,19045,443,6,122000,1748,483,559295,1
183,49,100759,5,1202899228,440,11,14300,19037,475,11,120000,1819,502,545639,1
184,49,100763,5,1202712288,544,30,14223,19005,694,44,110000,1900,525,530986,1
185,49,100767,6,1202519351,661,61,14138,18967,1110,108,98750,2077,573,501378,1
186,49,100769,6,1202367280,748,82,14060,18931,1507,177,91000,2441,674,449853,1
187,49,100774,6,1202309872,827,113,14013,18879,1607,253,85250,2883,795,399910,1
188,49,100778,6,1202196805,879,143,13968,18837,1669,308,82250,3123,861,377253,1
189,49,100782,7,1202119016,945,163,13949,18799,1713,351,80000,3359,926,357225,1
190,49,100784,7,1202107993,967,180,13944,18791,1731,369,79250,3359,926,357225,1
191,49,100788,7,1202031449,996,189,13932,18768,1738,377,79000,3702,1021,331764,1
192,49,100794,7,1202009776,1029,204,13921,18744,1765,409,77750,3577,986,340615,1
193,49,100796,7,1202031449,1039,214,13920,18731,1765,409,77750,3719,1026,330633,1
194,49,100805,7,1202031449,1050,225,13921,18723,1765,409,77750,3465,956,348984,1
195,49,100809,7,1201945274,1064,234,13907,18707,1765,409,77750,3497,964,346564,1
196,49,100811,7,1201988190,1055,235,13910,18686,1775,420,77250,3840,1059,322500,1
197,50,100815,7,1201998972,1076,246,13906,18687,1765,409,77750,3873,1068,320329,1
198,50,100819,7,1201988190,1065,248,13902,18680,1771,415,77250,3582,988,340223,1
199,50,100822,7,1201988190,1081,249,13894,18670,1771,415,77250,3642,1004,335957,1
200,50,100824,7,1201988190,1101,261,13892,18654,1777,424,77000,3523,972,344565,1
201,50,100828,7,1202009776,1097,266,13896,18649,1777,424,77000,3696,1019,332142,1
202,50,100828,7,1201988190,1118,280,13884,18645,1787,435,76500,3762,1037,327643,1
203,50,100832,7,1201998972,1107,270,13893,18653,1787,435,76500,3801,1048,325058,1
204,50,100834,7,1201955971,1143,284,13883,18635,1787,435,76500,3879,1070,319969,1
205,50,100838,7,1201998972,1152,305,13871,18628,1787,435,76500,3518,970,344963,1
206,50,100844,7,1202042319,1134,301,13885,18634,1798,446,76000,3178,877,372321,1
207,50,100844,7,1202096992,1153,300,13883,18625,1808,458,75750,3042,839,384595,1
208,50,100848,7,1202075057,1148,304,13877,18630,1808,458,75750,3178,877,372321,1
209,50,100852,7,1202064122,1177,319,13869,18624,1817,471,75250,3178,877,372321,1
210,50,100852,7,1202053209,1157,307,13875,18628,1817,471,75250,3768,1039,327272,1
211,50,100854,8,1202053209,1186,330,13863,18621,1836,497,74500,3518,970,344963,1
212,50,100858,8,1202031449,1188,313,13855,18613,1836,497,74500,3790,1045,325793,1
213,50,100861,8,1202053209,1184,319,13858,18608,1836,497,74500,3964,1093,314636,1
214,50,100861,8,1202053209,1198,332,13851,18600,1846,509,74000,4077,1124,307712,1
215,50,100863,8,1202086014,1210,339,13849,18592,1846,509,74000,3796,1047,325425,1
216,50,100867,8,1202096992,1204,342,13849,18600,1855,523,73750,3518,970,344963,1
217,50,100867,8,1202086014,1224,342,13858,18599,1855,523,73750,3344,922,358485,1
218,50,100871,8,1202119016,1231,344,13840,18590,1846,509,74000,3779,1042,326532,1
219,50,100871,8,1202107993,1242,356,13849,18587,1855,523,73750,4089,1127,307031,1
220,50,100875,8,1202130062,1217,343,13847,18597,1877,550,72750,3843,1060,322136,1
221,50,100877,8,1202163332,1263,354,13837,18584,1877,550,72750,3463,955,348984,1
222,50,100879,8,1202119016,1228,347,13843,18592,1877,550,72750,3347,923,358064,1
223,50,100885,8,1202130062,1264,349,13834,18589,1877,550,72750,3916,1080,317465,1
224,50,100885,8,1202152220,1270,356,13832,18579,1877,550,72750,4092,1128,306691,1
225,50,100887,8,1202141129,1250,359,13836,18586,1889,570,72500,4074,1123,307712,1
226,50,100889,8,1202152220,1265,367,13822,18567,1877,550,72750,3933,1084,316400,1
227,50,100891,8,1202163332,1292,373,13827,18570,1889,570,72500,4006,1105,311842,1
228,50,100891,8,1202163332,1281,375,13827,18574,1889,570,72500,3683,1016,332900,1
229,50,100895,8,1202185625,1291,370,13821,18567,1900,586,72000,3624,999,337113,1
230,50,100899,8,1202196805,1294,389,13821,18555,1889,570,72500,3511,968,345362,1
231,50,100899,8,1202230483,1284,383,13826,18558,1900,586,72000,4225,1165,299013,1
232,50,100899,8,1202141129,1275,384,13828,18556,1900,586,72000,4023,1109,310802,1
233,50,100903,8,1202163332,1258,374,13826,18561,1900,586,72000,3787,1044,325793,1
234,50,100903,8,1202196805,1291,383,13818,18555,1910,599,71750,3787,1044,325793,1
235,50,100905,8,1202185625,1311,392,13821,18562,1910,599,71750,3694,1019,332142,1
236,50,100906,8,1202241755,1297,387,13822,18558,1900,586,72000,3667,1011,334042,1
237,50,100908,8,1202264368,1306,397,13816,18549,1910,599,71750,3989,1100,312886,1
238,50,100908,8,1202241755,1282,396,13825,18558,1910,599,71750,3837,1058,322500,1
239,50,100912,8,1202264368,1294,384,13819,18558,1910,599,71750,4109,1133,305675,1
240,50,100912,8,1202241755,1322,387,13813,18549,1920,617,71250,3995,1102,312537,0
241,50,100916,8,1202275709,1302,390,13811,18541,1931,633,70750,3922,1081,317110,0
242,50,100916,8,1202483892,1177,376,13863,18561,1910,599,71750,4184,1154,301322,0
243,50,100918,7,1202924613,692,267,14100,18655,1291,135,95000,3854,1063,321412,0
244,50,100918,7,1203238033,541,215,14210,18731,834,66,105000,3136,865,375898,0
245,50,100922,7,1203246889,486,184,14259,18781,666,40,110750,2664,735,422994,0
246,50,100922,6,1203437848,447,149,14290,18822,580,27,114500,2280,629,471081,0
247,50,100924,6,1203556766,422,124,14304,18871,526,19,117250,2249,621,475509,0
248,50,100926,6,1203556766,413,109,14316,18892,477,11,119750,2217,612,480000,0
249,50,100928,6,1203620661,412,89,14313,18908,457,8,120750,2080,574,500688,0
250,50,100928,6,1203642107,400,70,14332,18944,450,7,121250,2032,561,508360,0
251,50,100928,6,1203699658,400,60,14328,18955,439,5,122000,1903,526,530232,0
252,50,100934,6,1203801661,400,47,14329,18978,415,2,123750,2032,561,508360,0
253,50,100936,6,1203845888,417,45,14324,18975,420,3,123250,1959,541,520578,0
254,50,100936,6,1203823736,412,36,14326,18995,400,0,124500,1985,548,516214,0
255,50,100936,6,1203950299,410,31,14327,19001,405,0,124000,1971,544,518389,0
256,50,100940,6,1203890426,406,27,14329,19015,400,0,124500,1962,542,519847,0
257,50,100940,5,1203935278,408,29,14318,18995,400,0,124500,1822,503,544852,0
258,50,100942,5,1203912812,402,18,14329,19021,400,0,125000,1928,532,525742,0
259,50,100944,5,1203965355,410,15,14329,19030,416,2,123750,1830,505,543284,0
260,50,100944,5,1203920292,400,5,14336,19043,416,2,123750,2041,564,506951,0
261,50,100946,5,1203957823,412,12,14332,19044,405,0,124500,2194,606,483247,0
262,50,100946,5,1203972897,404,0,14338,19056,405,0,124500,2023,559,509774,0
263,50,100950,5,1203995575,414,3,14330,19053,409,1,124000,2084,575,500000,0
264,50,100950,5,1204117897,414,1,14328,19057,400,0,125000,2181,602,485211,0
265,50,100950,5,1204110184,403,0,14324,19052,405,0,124500,1860,514,537849,0
266,50,100950,5,1204056446,412,7,14329,19048,405,0,124500,1920,530,527232,0
267,50,100952,5,1204071754,410,7,14334,19052,405,0,124500,1730,478,562587,0
268,50,100953,5,1204141093,402,0,14329,19054,405,0,124500,1681,464,572647,0
269,50,100955,5,1204164373,402,0,14337,19070,416,2,123750,1776,491,553608,0
270,50,100955,5,1204148844,404,0,14333,19069,409,1,124000,1689,467,570950,0
271,50,100955,5,1204079422,412,3,14331,19059,405,0,124500,1631,451,582995,0
272,50,100955,5,1204125620,406,0,14330,19075,405,0,124500,1776,491,553608,0
273,50,100959,5,1204110184,404,2,14323,19057,409,1,124000,1764,487,556034,0
274,50,100959,5,1204203358,408,0,14328,19072,409,1,124000,1577,436,594545,0
275,50,100959,5,1204219017,411,2,14329,19074,409,1,124000,1594,440,590952,0
276,50,100961,5,1204242578,416,5,14323,19064,409,1,124000,1639,453,581250,0
277,50,100961,5,1204219017,420,5,14319,19060,409,1,124000,1724,476,563414,0
278,50,100961,5,1204274124,409,0,14326,19064,416,2,123750,1724,476,563414,0
279,50,100965,5,1204219017,410,0,14321,19078,416,2,123750,1800,497,548805,0
280,50,100965,5,1204266223,413,2,14332,19073,416,2,123750,1729,478,562587,0
281,50,100965,5,1204179939,428,13,14318,19057,416,2,123750,1523,421,606465,0
282,50,100965,5,1204274124,413,10,14327,19066,416,2,123750,1791,495,550399,0
283,50,100965,5,1204282035,406,4,14328,19073,416,2,123750,1833,506,542502,0
284,50,100969,5,1204321731,407,8,14321,19071,416,2,123750,1922,531,526486,0
285,50,100969,5,1204297884,414,6,14326,19066,421,3,123250,1850,511,539393,0
286,50,100969,5,1204250450,400,0,14333,19075,416,2,123750,1762,487,556034,0
287,50,100971,5,1204266223,408,2,14325,19077,416,2,123750,1855,512,538621,0
288,50,100971,5,1204258332,417,14,14314,19058,416,2,123750,1880,519,534020,0
289,50,100971,5,1204321731,410,9,14318,19053,425,3,122750,1897,524,530986,0
290,50,100975,5,1204369685,416,9,14323,19059,416,2,123750,1733,479,561761,0
291,50,100975,5,1204417990,411,3,14331,19072,425,3,122750,1770,489,554415,0
292,50,100975,5,1204266223,409,4,14327,19075,416,2,123750,1691,467,570105,0
293,50,100975,5,1204321731,404,8,14321,19071,421,3,123250,1758,486,556846,0
294,50,100975,5,1204417990,408,6,14326,19074,421,3,123250,1813,501,546428,0
295,50,100975,5,1204321731,404,4,14317,19066,421,3,123250,1804,498,548011,0
296,50,100977,5,1204377711,416,9,14328,19061,421,3,123250,1758,486,556846,0
297,50,100979,5,1204417990,416,11,14316,19063,421,3,123250,1825,504,544067,0
298,50,100979,5,1204401849,411,10,14319,19069,435,5,122500,1787,494,551198,0
299,50,100979,5,1204409914,406,3,14323,19068,441,6,122000,1770,489,554415,0
300,50,100979,5,1204377711,410,4,14320,19068,421,3,123250,1704,471,567581,1
301,50,100981,5,1204434170,408,14,14324,19068,425,3,122750,1753,484,557661,1
302,50,100981,5,1204426075,410,16,14320,19060,421,3,123250,1691,467,570105,1
303,50,100981,5,1204305823,460,22,14284,19047,425,3,122750,1724,476,563414,1
304,50,100981,6,1203972897,701,66,14099,18981,626,34,112500,1897,524,530986,1
305,50,100983,6,1203642107,821,98,14011,18923,1621,265,84500,2180,602,485211,1
306,50,100983,6,1203368958,941,139,13948,18868,1701,340,80500,2739,756,414568,1
307,50,100983,7,1203287306,1056,179,13899,18810,1762,405,77750,3381,932,355139,1
308,50,100987,7,1203305446,1090,191,13892,18789,1799,448,76000,3638,1003,335957,1
309,50,100987,7,1203319019,1127,217,13878,18742,1808,458,75750,3535,975,343373,1
310,50,100987,7,1203211277,1151,229,13875,18726,1817,471,75250,3482,960,347368,1
311,50,100987,7,1203251455,1164,247,13873,18706,1817,471,75250,3514,969,344963,1
312,50,100987,7,1203184639,1151,251,13872,18688,1817,471,75250,3819,1053,323592,1
313,50,100987,7,1203197943,1154,254,13866,18678,1827,483,75000,3841,1059,322136,1
314,50,100989,8,1203131717,1179,278,13864,18673,1827,483,75000,3747,1033,328387,1
315,50,100989,8,1203158119,1187,295,13863,18659,1827,483,75000,3638,1003,335957,1
316,50,100989,8,1203131717,1187,303,13857,18654,1817,471,75250,3648,1006,335189,1
317,50,100989,8,1203131717,1200,315,13855,18640,1817,471,75250,3408,940,353071,1
318,50,100989,8,1203131717,1205,323,13855,18623,1827,483,75000,3758,1036,327643,1
319,50,100989,8,1203118559,1200,343,13850,18620,1836,497,74500,3648,1006,335189,1
320,50,100995,8,1203105430,1193,344,13858,18610,1827,483,75000,3524,972,344167,1
321,50,100995,8,1203092330,1196,339,13852,18620,1827,483,75000,3600,993,338663,1
322,50,100997,8,1203027259,1193,345,13857,18610,1836,497,74500,3600,993,338663,1
323,50,100997,8,1203105430,1210,345,13847,18619,1836,497,74500,3551,979,342187,1
324,50,100997,8,1203079259,1235,370,13848,18599,1836,497,74500,3562,982,341400,1
325,50,100997,8,1203092330,1200,357,13854,18600,1846,509,74000,3643,1005,335573,1
326,50,100997,8,1203079259,1212,351,13841,18604,1846,509,74000,3747,1033,328387,1
327,50,100997,8,1203066216,1230,377,13838,18588,1865,536,73250,3664,1010,334042,1
328,50,100997,8,1203105430,1249,371,13838,18595,1865,536,73250,3885,1071,319251,1
329,50,100997,8,1203053202,1257,377,13833,18594,1855,523,73750,4101,1131,306013,1
330,50,100999,8,1203027259,1253,375,13832,18585,1855,523,73750,3747,1033,328387,1
331,50,100999,8,1203066216,1260,396,13833,18575,1877,550,72750,4067,1121,308053,1
332,50,100999,8,1203092330,1242,385,13840,18581,1865,536,73250,3902,1076,318178,1
333,50,100999,8,1203014331,1237,380,13833,18589,1877,550,72750,3610,996,337887,1
334,50,101000,8,1203027259,1239,382,13827,18580,1865,536,73250,4147,1143,303321,1
335,50,101000,8,1203079259,1267,385,13825,18571,1877,550,72750,4379,1207,290322,1
336,50,101000,8,1203027259,1279,387,13822,18572,1877,550,72750,4373,1206,290638,1
337,50,101002,8,1203027259,1281,397,13821,18575,1900,586,72000,4238,1168,298030,1
338,50,101002,8,1203053202,1276,385,13829,18576,1877,550,72750,3728,1028,329508,1
339,50,101002,8,1203066216,1301,395,13823,18570,1877,550,72750,3794,1046,325058,1
340,50,101002,8,1203040217,1308,405,13813,18559,1889,570,72500,3772,1040,326532,1
341,50,101002,8,1203066216,1309,413,13815,18565,1900,586,72000,3950,1089,314988,1
342,50,101002,8,1203053202,1293,422,13810,18545,1889,570,72500,3917,1080,317110,1
343,50,101002,8,1203053202,1276,410,13826,18570,1900,586,72000,4001,1103,311842,1
344,50,101002,8,1203040217,1309,410,13816,18563,1889,570,72500,3749,1034,328015,1
345,50,101002,8,1203092330,1327,410,13805,18550,1900,586,72000,3512,969,344963,1
346,50,101002,8,1203105430,1312,426,13812,18550,1910,599,71750,3789,1045,325425,1
347,50,101006,8,1203079259,1298,418,13812,18557,1910,599,71750,3805,1049,324324,1
348,50,101006,8,1203014331,1317,410,13807,18554,1900,586,72000,3701,1021,331387,1
349,50,101006,8,1203053202,1314,425,13809,18558,1910,599,71750,3939,1086,315693,1
350,50,101006,8,1203105430,1299,417,13817,18556,1910,599,71750,3673,1013,333280,1
351,50,101006,8,1203066216,1353,435,13803,18544,1900,586,72000,3878,1069,319610,1
352,50,101006,8,1203079259,1311,434,13803,18539,1910,599,71750,3917,1080,317110,1
353,50,101006,8,1203079259,1326,433,13810,18546,1900,586,72000,4203,1159,300000,1
354,50,101006,8,1203040217,1311,427,13808,18547,1910,599,71750,3967,1094,313935,1
355,50,101006,8,1203066216,1324,430,13806,18541,1920,617,71250,3668,1011,333661,1
356,50,101006,8,1203092330,1320,422,13807,18550,1931,633,70750,3861,1065,320689,1
357,50,101006,8,1203092330,1325,440,13801,18539,1920,617,71250,4007,1105,311495,1
358,50,101006,8,1203144903,1315,422,13805,18541,1910,599,71750,4487,1237,284713,1
359,50,101006,8,1203079259,1353,441,13801,18540,1910,599,71750,4279,1180,295754,1
360,50,101006,8,1203105430,1322,426,13805,18540,1910,599,71750,4104,1132,305675,0
361,50,101008,8,1203105430,1330,434,13803,18536,1910,599,71750,4344,1198,292224,0
362,50,101008,8,1203131717,1341,438,13789,18532,1910,599,71750,3978,1097,313235,0
363,50,101010,8,1203355273,827,359,13988,18604,1808,458,75750,3581,988,339832,0
364,50,101006,8,1203772348,633,266,14141,18674,1441,158,92500,2780,767,409936,0
365,50,101008,7,1204010739,518,214,14222,18750,874,72,104000,2417,667,452205,0
366,50,101008,7,1204226861,473,186,14255,18792,672,41,110250,2417,667,452205,0
367,50,101008,6,1204369685,441,160,14286,18828,496,14,118500,2308,637,466716,0
368,50,101008,6,1204573319,420,131,14311,18868,461,9,120500,2094,578,497943,0
369,50,101008,6,1204540316,400,115,14321,18900,436,5,122000,2112,583,495220,0
370,50,101008,6,1204631468,400,100,14326,18921,417,2,123250,2003,553,512621,0
371,50,101008,6,1204639816,400,88,14332,18953,401,0,124500,2085,576,499312,0
372,50,101008,6,1204783340,400,81,14329,18954,400,0,125000,1999,552,513336,0
373,50,101008,6,1204843332,400,63,14340,18982,400,0,125250,2025,559,509066,0
374,50,101008,6,1204886509,400,46,14348,19002,400,0,126000,1870,516,535546,0
375,50,101012,6,1204834730,400,44,14340,19015,410,1,125250,1883,520,533259,0
376,50,101012,6,1204783340,400,36,14341,19009,400,0,126000,1824,504,544067,0
377,50,101012,6,1204826138,400,40,14344,19013,400,0,126500,1612,445,586510,0
378,50,101012,6,1204877851,400,24,14348,19039,400,0,127250,1690,467,570105,0
379,50,101012,6,1204843332,400,20,14347,19046,400,0,127250,1649,456,578647,0
380,50,101012,6,1204886509,400,13,14348,19061,400,0,127250,1686,466,570950,0
381,50,101012,6,1205000055,400,14,14339,19046,400,0,127250,1669,461,574351,0
382,50,101014,5,1205008867,400,12,14343,19054,407,1,127000,1636,452,581250,0
383,50,101014,5,1204982464,400,5,14339,19073,400,0,127250,1840,508,540944,0
384,50,101014,5,1204921247,400,4,14340,19080,400,0,127250,1819,502,544852,0
385,50,101014,5,1204921247,400,9,14336,19062,422,3,125750,1862,514,537080,0
386,50,101014,5,1204956161,400,0,14344,19075,400,0,127250,1939,535,523519,0
387,50,101014,5,1204956161,400,0,14345,19074,413,1,126500,1908,527,528729,0
388,50,101014,5,1205026526,400,6,14339,19082,400,0,127250,1799,497,548805,0
389,50,101014,5,1204982464,400,6,14337,19070,413,1,126500,1930,533,525000,0
390,50,101014,5,1204921247,400,7,14333,19080,400,0,127250,1824,504,544067,0
391,50,101014,5,1205079773,400,1,14338,19073,400,0,127250,1866,515,536312,0
392,50,101014,5,1205044229,400,4,14340,19076,407,1,127000,1751,484,557661,0
393,50,101014,5,1205026526,400,0,14334,19085,413,1,126500,1631,451,582121,0
394,50,101014,5,1205088687,400,6,14331,19087,417,2,126000,1648,455,578647,0
395,50,101014,5,1205000055,400,0,14343,19086,417,2,126000,1810,500,546428,0
396,50,101016,5,1205026526,400,0,14344,19086,407,1,127000,1810,500,546428,0
397,50,101016,5,1204991254,400,0,14341,19088,413,1,126500,1894,523,530986,0
398,50,101016,5,1204991254,400,0,14332,19096,413,1,126500,1755,485,556846,0
399,50,101016,5,1205026526,400,5,14329,19081,422,3,125750,1822,503,544067,0
400,50,101016,5,1205079773,400,0,14341,19094,413,1,126500,1785,493,551198,0
401,50,101016,5,1205053098,400,3,14334,19091,417,2,126000,1676,463,572647,0
402,50,101016,5,1205097613,400,15,14325,19082,413,1,126500,1714,473,565075,0
403,50,101016,5,1205008867,400,12,14325,19076,417,2,126000,1730,478,561761,0
404,50,101016,5,1205142414,400,0,14334,19084,422,3,125750,1668,461,574351,0
405,50,101016,5,1205097613,400,12,14331,19091,427,4,125250,1759,486,556034,0
406,50,101016,5,1205142414,400,14,14332,19080,417,2,126000,1785,493,551198,0
407,50,101016,5,1205017691,400,3,14340,19092,422,3,125750,1693,468,569262,0
408,50,101016,5,1205061978,400,4,14335,19089,422,3,125750,1664,460,575206,0
409,50,101016,5,1205088687,400,7,14329,19090,417,2,126000,1709,472,565909,0
410,50,101016,5,1205205623,400,5,14337,19084,422,3,125750,1709,472,565909,0
411,50,101016,5,1205133431,400,12,14326,19075,427,4,125250,1826,504,543284,0
412,50,101016,5,1205070870,400,8,14327,19085,422,3,125750,1797,496,548805,0
413,50,101016,5,1205061978,400,12,14328,19074,422,3,125750,1826,504,543284,0
414,50,101016,5,1205124459,400,9,14332,19088,436,5,125000,1822,503,544067,0
415,50,101016,5,1205115499,400,11,14327,19085,436,5,125000,1801,497,548011,0
416,50,101016,5,1205151409,400,15,14332,19081,422,3,125750,1772,489,553608,0
417,50,101016,5,1205160415,400,3,14333,19080,436,5,125000,1814,501,545639,0
418,50,101016,5,1205151409,400,17,14329,19071,427,4,125250,1739,480,560115,0
419,50,101016,5,1205151409,400,13,14328,19076,427,4,125250,1726,477,562587,0
420,50,101016,5,1205061978,400,7,14339,19085,435,5,125000,1780,492,552000,1
421,50,101016,5,1205079773,400,16,14328,19079,435,5,125000,1730,478,561761,1
422,50,101016,5,1205061978,400,17,14321,19074,426,3,125250,1743,481,559295,1
423,50,101018,5,1204783340,506,37,14229,19043,435,5,125000,1818,502,544852,1
424,50,101018,6,1204434170,769,79,14026,18968,1385,150,95500,2002,553,512621,1
425,50,101018,6,1204156604,890,124,13947,18909,1660,298,84250,2212,611,480000,1
426,50,101018,7,1204025939,959,156,13931,18868,1746,386,80000,2602,718,429481,1
427,50,101018,7,1203831111,1037,183,13899,18819,1770,414,79000,2959,816,391666,1
428,50,101018,7,1203757743,1093,203,13890,18786,1808,458,77250,3419,943,351838,1
429,50,101020,7,1203750453,1118,226,13875,18758,1824,480,76500,3541,977,342582,1
430,50,101020,7,1203613529,1172,249,13855,18717,1824,480,76500,3709,1023,330633,1
431,50,101020,8,1203535613,1179,267,13852,18704,1833,493,76000,3429,946,351019,1
432,50,101020,8,1203493523,1165,287,13853,18683,1843,505,75750,3435,947,350611,1
433,50,101020,8,1203549707,1201,309,13846,18665,1862,532,75000,3666,1011,333661,1
434,50,101020,8,1203479557,1208,331,13845,18656,1852,519,75250,3627,1000,336342,1
435,50,101020,8,1203514532,1189,331,13845,18654,1862,532,75000,3488,962,346564,1
436,50,101020,8,1203403306,1243,360,13838,18626,1862,532,75000,3456,953,348984,1
437,50,101020,8,1203403306,1236,360,13833,18622,1874,547,74500,3258,899,364878,1
438,50,101020,8,1203472586,1235,360,13835,18625,1862,532,75000,3483,961,346966,1
439,50,101020,8,1203417100,1214,370,13837,18625,1884,561,74000,3563,983,341007,1
440,50,101020,8,1203362112,1282,385,13822,18603,1874,547,74500,3959,1092,314285,1
441,50,101020,8,1203368958,1263,382,13816,18603,1894,576,73750,3880,1070,319251,1
442,50,101020,8,1203368958,1267,403,13817,18592,1905,592,73250,4212,1161,299341,1
443,50,101020,8,1203437848,1275,392,13814,18596,1914,607,72750,4022,1109,310457,1
444,50,101020,8,1203334803,1297,410,13810,18588,1905,592,73250,3982,1098,312886,1
445,50,101020,8,1203334803,1289,403,13813,18577,1914,607,72750,4016,1107,310802,1
446,50,101020,8,1203375812,1295,421,13812,18574,1905,592,73250,3715,1024,330258,1
447,50,101020,8,1203294068,1297,423,13814,18572,1914,607,72750,3863,1065,320329,1
448,50,101020,8,1203396421,1310,431,13812,18575,1914,607,72750,4025,1110,310112,1
449,50,101020,8,1203314401,1299,425,13809,18573,1914,607,72750,3756,1036,327272,1
450,50,101020,8,1203334803,1313,428,13809,18579,1914,607,72750,3751,1034,327643,1
451,50,101020,8,1203375812,1309,423,13797,18564,1928,626,72500,4077,1124,307031,1
452,50,101020,8,1203348442,1315,430,13799,18557,1928,626,72500,3889,1072,318535,1
453,50,101020,8,1203307616,1318,435,13799,18555,1914,607,72750,3889,1072,318535,1
454,50,101020,8,1203375812,1308,430,13803,18561,1914,607,72750,4303,1186,294143,1
455,50,101020,8,1203321194,1312,454,13800,18556,1928,626,72500,4128,1138,303991,1
456,50,101020,8,1203327995,1288,450,13809,18545,1928,626,72500,3951,1089,314636,1
457,50,101020,8,1203280551,1293,448,13807,18548,1928,626,72500,4163,1148,301986,1
458,50,101020,8,1203403306,1285,435,13809,18556,1928,626,72500,4105,1132,305337,1
459,50,101020,8,1203321194,1296,452,13801,18552,1938,645,72000,3974,1096,313235,1
460,50,101020,8,1203300839,1305,448,13799,18546,1938,645,72000,4198,1157,300000,1
461,50,101020,8,1203300839,1308,461,13804,18547,1938,645,72000,4333,1195,292543,1
462,50,101020,8,1203267063,1308,457,13803,18551,1938,645,72000,4099,1130,305675,1
463,50,101020,8,1203348442,1313,457,13798,18536,1938,645,72000,4151,1144,302652,1
464,50,101020,8,1203334803,1320,470,13803,18537,1938,645,72000,4268,1177,296078,1
465,50,101018,8,1203362112,1308,455,13803,18542,1938,645,72000,4245,1170,297378,1
466,50,101018,8,1203348442,1288,444,13807,18560,1938,645,72000,4696,1295,274205,1
467,50,101018,8,1203334803,1321,459,13792,18540,1938,645,72000,4303,1186,294143,1
468,50,101018,8,1203321194,1291,450,13803,18545,1938,645,72000,4518,1246,282875,1
469,50,101022,8,1203334803,1314,449,13791,18543,1938,645,72000,4531,1249,282266,1
470,50,101022,8,1203334803,1304,453,13794,18544,1938,645,72000,4598,1268,278945,1
471,50,101020,8,1203359922,1326,457,13795,18550,1948,659,71750,4549,1254,281355,1
472,50,101020,8,1203300839,1353,467,13788,18539,1948,659,71750,4422,1219,287811,1
473,50,101020,8,1203280551,1344,463,13793,18527,1938,645,72000,4796,1322,269569,1
474,50,101020,8,1203307616,1314,467,13795,18539,1938,645,72000,4416,1217,288124,1
475,50,101020,8,1203300839,1347,465,13794,18541,1948,659,71750,4054,1118,308395,1
476,50,101020,8,1203348442,1352,476,13787,18537,1935,641,72000,4169,1149,301654,1
477,50,101020,8,1203307616,1334,466,13790,18535,1935,641,72000,4110,1133,305000,1
478,50,101020,8,1203362112,1329,462,13790,18533,1935,641,72000,3867,1066,319969,1
479,50,101020,8,1203368958,1341,486,13784,18521,1935,641,72000,4180,1152,300991,1
480,50,101020,8,1203362112,1334,477,13785,18528,1945,655,71750,4321,1191,293181,0
481,50,101020,8,1203300839,1340,468,13792,18532,1957,674,71250,4128,1138,303991,0
482,50,101020,8,1203570908,1145,446,13857,18556,1935,641,72000,4151,1144,302652,0
483,50,101020,8,1204056446,694,329,14083,18643,1553,209,89750,3625,1000,336342,0
484,50,101020,7,1204523875,544,256,14204,18710,981,88,103000,2845,785,402880,0
485,50,101020,7,1204606485,450,209,14270,18776,726,49,110750,2662,735,422460,0
486,50,101020,7,1204834730,418,178,14296,18827,602,30,115500,2428,670,450439,0
487,50,101020,6,1204964918,400,150,14313,18865,534,20,118750,2296,634,467957,0
488,50,101020,6,1204973685,400,135,14323,18891,476,11,122000,2166,598,486528,0
489,50,101020,6,1205106550,400,119,14334,18924,450,7,123750,2210,610,480000,0
490,50,101020,6,1205205623,400,99,14357,18954,418,2,125750,1918,530,526486,0
491,50,101020,6,1205260259,400,83,14353,18971,418,2,125750,1936,535,523519,0
492,50,101020,6,1205251123,400,71,14350,18983,400,0,127750,2017,557,509774,0
493,50,101020,6,1205269406,400,61,14356,19002,400,0,127750,1800,497,548011,0
494,50,101020,6,1205315322,400,46,14359,19014,400,0,128500,1779,491,552000,0
495,50,101020,6,1205417399,400,53,14350,19024,400,0,128500,1658,458,576063,0
496,50,101020,6,1205343016,400,39,14349,19030,400,0,128500,1884,520,532500,0
497,50,101020,6,1205361539,400,35,14357,19043,400,0,129000,1884,520,532500,0
498,50,101020,6,1205398730,400,22,14360,19060,400,0,129000,1613,446,585628,0
499,50,101020,5,1205445495,400,26,14348,19050,400,0,129250,1787,494,550399,0
500,50,101020,5,1205370818,400,25,14358,19062,417,2,128000,1783,492,551198,0
501,50,101020,5,1205549467,400,25,14354,19062,411,1,128500,1745,482,558477,0
502,50,101020,5,1205408058,400,19,14359,19058,400,0,129250,1679,464,571797,0
503,50,101020,5,1205502020,400,16,14349,19074,400,0,129250,1867,516,535546,0
504,50,101020,5,1205597230,400,8,14362,19084,400,0,129250,1867,516,535546,0
505,50,101020,5,1205502020,400,3,14362,19090,400,0,129250,1712,473,565075,0
506,50,101020,5,1205426752,400,0,14354,19094,400,0,129250,1811,500,545639,0
507,50,101020,5,1205520961,400,4,14349,19097,411,1,128500,1807,499,546428,0
508,50,101020,5,1205597230,400,0,14352,19093,407,1,129000,1715,474,564244,0
509,50,101020,5,1205483128,400,8,14345,19081,407,1,129000,1632,451,581250,0
510,50,101020,5,1205483128,400,7,14346,19086,417,2,128000,1769,489,553608,0
511,50,101020,5,1205483128,400,0,14353,19097,411,1,128500,1670,461,573498,0
512,50,101020,5,1205473701,400,0,14349,19093,407,1,129000,1757,485,556034,0
513,50,101020,5,1205445495,400,2,14352,19102,407,1,129000,1807,499,546428,0
514,50,101020,5,1205568534,400,0,14344,19101,411,1,128500,1579,436,592744,0
515,50,101020,5,1205587652,400,0,14352,19113,407,1,129000,1964,542,518389,0
516,50,101020,5,1205502020,400,4,14349,19107,417,2,128000,1612,445,585628,0
517,50,101020,5,1205568534,400,5,14345,19094,417,2,128000,1765,488,554415,0
518,50,101020,5,1205558995,400,0,14349,19106,417,2,128000,1649,456,577784,0
519,50,101020,5,1205597230,400,8,14346,19098,427,4,127250,1674,462,572647,0
520,50,101018,5,1205492568,400,7,14345,19096,423,3,127750,1778,491,552000,0
521,50,101018,5,1205587652,400,3,14343,19104,417,2,128000,1604,443,587394,0
522,50,101018,5,1205645312,400,9,14346,19106,411,1,128500,1836,507,540944,0
523,50,101018,5,1205473701,400,8,14344,19102,423,3,127750,1608,444,586510,0
524,50,101018,5,1205597230,400,6,14346,19101,417,2,128000,1778,491,552000,0
525,50,101018,5,1205558995,400,4,14346,19102,423,3,127750,1694,468,568421,0
526,50,101018,5,1205520961,400,7,14337,19091,417,2,128000,1832,506,541722,0
527,50,101018,5,1205492568,400,14,14332,19087,417,2,128000,1798,497,548011,0
528,50,101018,5,1205473701,400,10,14338,19087,427,4,127250,1786,493,550399,0
529,50,101018,5,1205511484,400,4,14337,19104,427,4,127250,1674,462,572647,0
530,50,101018,5,1205578087,400,0,14345,19109,423,3,127750,1748,483,557661,0
531,50,101018,5,1205587652,400,7,14342,19099,426,3,127250,1706,471,565909,0
532,50,101018,5,1205568534,400,3,14334,19096,426,3,127250,1798,497,548011,0
533,50,101018,5,1205587652,400,17,14330,19086,422,3,127750,1930,533,524259,0
534,50,101018,5,1205520961,400,6,14336,19097,422,3,127750,1820,503,544067,0
535,50,101018,5,1205568534,400,9,14346,19101,435,5,127000,1820,503,544067,0
536,50,101016,5,1205587652,400,5,14335,19096,422,3,127750,1879,519,533259,0
537,50,101016,5,1205502020,400,4,14347,19107,426,3,127250,1807,499,546428,0
538,50,101016,5,1205616425,400,9,14331,19091,422,3,127750,1698,469,567581,0
539,50,101016,5,1205502020,400,2,14340,19102,435,5,127000,1694,468,568421,0
540,50,101016,5,1205587652,400,13,14332,19090,435,5,127000,1694,468,568421,1
541,50,101016,5,1205558995,400,7,14338,19098,426,3,127250,1757,485,556034,1
542,50,101016,5,1205539953,400,19,14337,19092,435,5,127000,1740,481,559295,1
543,50,101016,5,1205278566,504,36,14226,19054,464,9,125000,1740,481,559295,1
544,50,101018,6,1204800427,683,71,14089,19005,817,63,109500,1887,521,531742,1
545,50,101018,6,1204532090,835,108,13960,18933,1515,181,93750,2326,642,463636,1
546,50,101018,7,1204305823,1041,153,13885,18878,1695,333,83750,2799,772,407395,1
547,50,101018,7,1204141093,1160,189,13852,18814,1810,461,78500,3447,951,349390,1
548,50,101018,7,1204056446,1183,215,13838,18784,1874,547,75750,3787,1044,325058,1
549,50,101018,8,1203816369,1249,247,13819,18739,1894,576,75000,3650,1007,334424,1
550,50,101018,8,1203845888,1236,259,13819,18708,1894,576,75000,4224,1165,298357,1
551,50,101018,8,1203816369,1223,285,13823,18698,1894,576,75000,3765,1038,326532,1
552,50,101018,8,1203772348,1241,313,13817,18672,1894,576,75000,3814,1052,323228,1
553,50,101018,8,1203714128,1245,321,13817,18663,1905,592,74500,3820,1053,322863,1
554,50,101018,8,1203721376,1240,337,13818,18644,1905,592,74500,3510,968,344565,1
555,50,101018,8,1203772348,1263,369,13808,18637,1905,592,74500,3865,1066,319969,1
556,50,101018,8,1203699658,1242,364,13817,18630,1905,592,74500,3754,1035,327272,1
557,50,101018,8,1203743171,1264,388,13811,18615,1905,592,74500,3949,1089,314636,1
558,50,101018,8,1203743171,1249,387,13817,18612,1914,607,74000,3882,1070,318893,1
559,50,101018,8,1203692435,1256,398,13816,18606,1905,592,74500,3809,1050,323592,1
560,50,101018,8,1203656445,1241,396,13817,18606,1905,592,74500,3865,1066,319969,1
561,50,101018,8,1203714128,1275,420,13804,18584,1905,592,74500,4149,1144,302652,1
562,50,101018,8,1203620661,1261,410,13810,18597,1914,607,74000,4062,1120,307712,1
563,50,101018,8,1203599290,1260,407,13815,18591,1914,607,74000,4003,1104,311148,1
564,50,101018,8,1203627802,1276,428,13801,18570,1914,607,74000,3790,1045,324690,1
565,50,101018,8,1203656445,1263,414,13811,18578,1925,623,73750,4066,1121,307371,1
566,50,101018,8,1203613529,1242,414,13817,18585,1914,607,74000,3913,1079,316755,1
567,50,101018,8,1203685220,1265,427,13811,18582,1934,639,73250,4234,1167,297704,1
568,50,101018,8,1203627802,1282,425,13808,18574,1934,639,73250,4054,1118,308053,1
569,50,101018,8,1203699658,1278,431,13805,18577,1914,607,74000,4257,1174,296402,1
570,50,101018,8,1203592182,1261,438,13804,18576,1925,623,73750,4228,1166,298030,1
571,50,101018,8,1203563833,1270,435,13802,18577,1925,623,73750,4363,1203,290638,1
572,50,101018,8,1203613529,1292,436,13799,18563,1925,623,73750,3998,1102,311495,1
573,50,101018,8,1203606405,1296,449,13796,18569,1925,623,73750,3930,1084,315693,1
574,50,101018,8,1203606405,1300,451,13797,18556,1925,623,73750,3901,1076,317465,1
575,50,101018,8,1203620661,1261,436,13798,18571,1925,623,73750,4140,1141,302986,1
576,50,101018,8,1203699658,1281,449,13807,18568,1934,639,73250,3719,1026,329508,1
577,50,101016,8,1203613529,1283,443,13796,18568,1945,655,72750,3626,1000,335957,1
578,50,101016,8,1203613529,1288,452,13809,18558,1934,639,73250,3930,1084,315693,1
579,50,101016,8,1203599290,1289,459,13799,18559,1934,639,73250,3873,1068,319251,1
580,50,101016,8,1203620661,1282,456,13799,18551,1934,639,73250,3626,1000,335957,1
581,50,101016,8,1203656445,1263,455,13806,18554,1934,639,73250,3856,1063,320329,1
582,50,101016,8,1203663626,1278,472,13801,18546,1945,655,72750,3986,1099,312189,1
583,50,101016,8,1203634950,1278,465,13804,18546,1945,655,72750,3697,1019,331010,1
584,50,101016,8,1203570908,1281,468,13797,18542,1945,655,72750,3697,1019,331010,1
585,50,101016,8,1203556766,1270,456,13811,18553,1934,639,73250,3594,991,338275,1
586,50,101016,8,1203613529,1272,456,13805,18550,1945,655,72750,4089,1127,306013,1
587,50,101016,8,1203613529,1275,460,13800,18552,1956,672,72500,4175,1151,300991,1
588,50,101016,8,1203620661,1282,453,13800,18547,1942,651,72750,4117,1135,304326,1
589,50,101014,8,1203585083,1273,459,13796,18559,1933,634,73250,3785,1044,325058,1
590,50,101014,8,1203613529,1274,458,13804,18549,1933,634,73250,4020,1108,310112,1
591,50,101014,8,1203670816,1306,468,13797,18547,1942,651,72750,3314,914,359751,1
592,50,101014,8,1203606405,1290,453,13800,18548,1942,651,72750,3829,1056,322136,1
593,50,101014,8,1203592182,1301,478,13797,18543,1942,651,72750,3907,1077,317110,1
594,50,101014,8,1203613529,1273,466,13806,18554,1942,651,72750,3801,1048,323958,1
595,50,101014,8,1203620661,1309,473,13793,18543,1942,651,72750,3768,1039,326162,1
596,50,101014,8,1203670816,1285,473,13798,18538,1968,692,72000,3918,1080,316400,1
597,50,101014,8,1203606405,1294,471,13794,18535,1956,672,72500,3851,1062,320689,1
598,50,101014,8,1203585083,1268,461,13800,18548,1942,651,72750,4111,1133,304663,1
599,51,101016,8,1203685220,1296,463,13797,18544,1956,672,72500,3998,1102,311495,1
600,51,101016,8,1203592182,1314,489,13788,18526,1942,651,72750,4399,1213,288750,0
601,51,101016,8,1203706889,1294,479,13797,18540,1942,651,72750,3947,1088,314636,0
602,51,101016,8,1204195542,747,367,14037,18630,1559,212,91000,4043,1115,308737,0
603,50,101014,8,1204648175,577,286,14173,18699,1056,99,103000,3434,947,350203,0
604,50,101014,7,1205026526,467,225,14254,18754,752,53,111500,2569,709,432779,0
605,50,101014,7,1205115499,408,189,14286,18818,617,33,116750,2383,658,455769,0
606,50,101014,6,1205260259,400,160,14300,18849,566,25,119250,2226,614,477425,0
607,50,101014,6,1205306115,400,145,14315,18879,502,15,122500,2093,578,497260,0
608,50,101014,6,1205445495,400,121,14321,18915,475,11,124000,1967,543,517663,0
609,50,101014,6,1205445495,400,116,14324,18934,448,7,125750,1759,486,555223,0
610,50,101014,6,1205568534,400,109,14334,18945,433,5,127000,1809,500,545639,0
611,50,101014,6,1205549467,400,89,14337,18977,420,3,127750,1718,475,563414,0
612,50,101014,6,1205664635,400,82,14345,18977,408,1,128500,1809,500,545639,0
613,50,101014,6,1205635670,400,62,14357,19009,400,0,129250,1566,433,595449,0
614,50,101014,6,1205703435,400,55,14349,19021,407,1,129000,1128,312,712710,0
615,50,101014,6,1205654967,400,47,14358,19037,407,1,129000,1477,408,615897,0
616,50,101014,6,1205752229,400,45,14339,19032,400,0,129250,1410,390,632484,0
617,50,101014,6,1205674315,400,39,14348,19054,400,0,130000,1351,374,647727,0
618,50,101014,6,1205713168,400,28,14350,19047,400,0,130000,1602,443,587394,0
619,50,101014,6,1205850808,400,25,14342,19068,400,0,130000,1242,344,677830,0
620,50,101014,6,1205713168,400,28,14343,19059,400,0,130500,1630,450,581250,0
621,50,101014,6,1205752229,400,26,14345,19069,406,0,130000,1745,482,557661,0
622,50,101014,6,1205732672,400,14,14352,19083,415,2,129250,1464,405,618773,0
623,50,101014,6,1205752229,400,14,14358,19082,410,1,129750,1783,492,550399,0
624,50,101014,6,1205742444,400,5,14347,19097,400,0,130500,1725,477,561761,0
625,50,101014,6,1205850808,400,16,14337,19083,415,2,129250,1725,477,561761,0
626,50,101014,6,1205791501,400,13,14340,19089,406,0,130000,1914,529,526486,0
627,50,101016,6,1205771839,400,5,14352,19092,406,0,130000,1914,529,526486,0
628,50,101016,6,1205870684,400,2,14347,19099,406,0,130000,1901,525,528729,0
629,50,101016,6,1205870684,400,14,14338,19093,415,2,129250,1585,438,590952,0
630,50,101016,6,1205821094,400,11,14344,19090,415,2,129250,1476,408,615897,0
631,50,101016,6,1205791501,400,2,14349,19099,415,2,129250,1750,483,556846,0
632,50,101016,6,1205850808,400,5,14338,19097,410,1,129750,1585,438,590952,0
633,50,101016,5,1205830985,400,0,14350,19104,410,1,129750,1654,457,576063,0
634,50,101016,5,1205771839,400,7,14340,19105,410,1,129750,1651,456,576923,0
635,50,101016,5,1205791501,400,5,14330,19098,422,3,129000,1568,433,594545,0
636,50,101016,5,1205830985,400,6,14337,19099,410,1,129750,1638,453,579513,0
637,50,101016,5,1205890613,400,6,14338,19099,415,2,129250,1642,454,578647,0
638,50,101016,5,1205850808,400,0,14349,19113,415,2,129250,1725,477,561761,0
639,50,101016,5,1205850808,400,0,14339,19115,422,3,129000,1893,523,530232,0
640,50,101016,5,1205900599,400,0,14335,19103,415,2,129250,1725,477,561761,0
641,50,101016,5,1205910598,400,1,14339,19119,410,1,129750,1838,508,540168,0
642,50,101012,5,1205703435,400,6,14340,19109,414,2,129250,1708,472,565075,0
643,50,101012,5,1205840890,400,7,14335,19100,421,3,129000,1593,440,589169,0
644,50,101012,5,1205821094,400,6,14332,19101,433,5,128000,1626,449,582121,0
645,50,101012,5,1205970877,400,6,14339,19108,439,5,127750,1716,474,563414,0
646,50,101012,5,1205830985,400,17,14325,19097,414,2,129250,2008,554,510483,0
647,50,101012,5,1205791501,400,13,14339,19095,425,3,128500,1795,496,548011,0
648,50,101012,5,1205860739,400,4,14346,19108,421,3,129000,1696,469,567581,0
649,50,101012,5,1205991080,400,4,14334,19108,421,3,129000,1884,520,531742,0
650,50,101012,5,1205791501,400,6,14338,19110,421,3,129000,1750,483,556846,0
651,50,101012,5,1205880642,400,6,14343,19117,421,3,129000,1859,513,536312,0
652,50,101012,5,1205771839,400,13,14336,19099,425,3,128500,1581,437,591847,0
653,50,101012,5,1205920610,400,8,14337,19100,425,3,128500,1585,438,590952,0
654,50,101012,5,1205781663,400,10,14338,19101,433,5,128000,1593,440,589169,0
655,50,101012,5,1205900599,400,11,14330,19098,425,3,128500,1779,491,551198,0
656,50,101012,5,1205791501,400,6,14337,19100,433,5,128000,1948,538,520578,0
657,50,101012,5,1205910598,400,3,14344,19109,433,5,128000,1775,490,552000,0
658,50,101012,5,1205900599,400,8,14331,19101,425,3,128500,1585,438,590952,0
659,50,101012,5,1205801352,400,11,14328,19104,425,3,128500,1549,428,599085,0
660,50,101012,5,1205771839,400,16,14335,19102,425,3,128500,1501,415,610210,1
661,50,101012,5,1205801352,400,8,14329,19103,425,3,128500,1568,433,594545,1
662,50,101012,5,1205830985,400,6,14335,19104,425,3,128500,1931,533,523519,1
663,50,101012,5,1205713168,428,23,14273,19081,607,31,118500,1940,536,522045,1
664,50,101012,6,1205142414,640,66,14107,19016,1262,131,100000,2478,684,443478,1
665,50,101012,6,1204886509,798,114,13992,18946,1603,248,89500,2350,649,459980,1
666,50,101014,7,1204556797,913,148,13920,18888,1726,364,83000,3011,831,385994,1
667,50,101014,7,1204515670,1054,188,13879,18831,1796,445,79750,3838,1058,321412,1
668,50,101014,7,1204274124,1095,214,13858,18783,1842,504,77750,3667,1011,332900,1
669,50,101014,8,1204211183,1134,238,13848,18755,1868,542,76500,3332,919,358064,1
670,50,101014,8,1204102480,1140,255,13850,18730,1880,555,76000,3332,919,353071,1
671,50,101014,8,1204125620,1118,273,13847,18703,1880,555,76000,3395,936,353071,1
672,50,101014,8,1204094784,1144,302,13839,18687,1880,555,76000,3082,850,379525,1
673,50,101014,8,1204094784,1136,321,13848,18673,1890,571,75750,3002,828,386931,1
674,50,101014,8,1204033552,1139,330,13852,18666,1880,555,76000,3132,864,375000,1
675,50,101014,8,1204056446,1123,343,13851,18658,1868,542,76500,3689,1017,331387,1
676,50,101014,8,1204048805,1133,353,13847,18637,1880,555,76000,4075,1124,306691,1
677,50,101014,8,1204133352,1138,355,13842,18639,1880,555,76000,3346,923,356806,1
678,50,101014,8,1204071754,1121,369,13845,18631,1880,555,76000,4252,1172,296402,1
679,50,101014,8,1204071754,1135,379,13842,18620,1880,555,76000,3284,906,361875,1
680,50,101014,8,1204018334,1136,376,13843,18619,1880,555,76000,3654,1008,333661,1
681,50,101014,8,1203980448,1135,390,13842,18617,1880,555,76000,4223,1164,298030,1
682,50,101014,8,1203988007,1151,395,13841,18611,1880,555,76000,3681,1015,331764,1
683,50,101014,8,1203988007,1138,395,13843,18608,1900,586,75250,3908,1078,316755,1
684,50,101014,8,1203995575,1118,381,13847,18612,1880,555,76000,3824,1054,322136,1
685,50,101014,8,1204010739,1156,407,13834,18603,1900,586,75250,3692,1018,331010,1
686,50,101014,8,1203980448,1138,405,13845,18602,1890,571,75750,3600,993,337500,1
687,50,101014,8,1203950299,1145,403,13833,18594,1900,586,75250,3897,1075,317465,1
688,50,101014,8,1203912812,1169,413,13826,18597,1900,586,75250,4032,1112,309080,1
689,50,101014,8,1203920292,1161,411,13834,18597,1900,586,75250,3914,1079,316400,1
690,50,101014,8,1203912812,1162,422,13830,18593,1911,601,75000,3925,1082,315693,1
691,50,101014,8,1203950299,1171,423,13830,18592,1900,586,75250,4061,1120,307371,1
692,50,101014,8,1203980448,1151,413,13834,18590,1920,617,74500,3840,1059,321050,1
693,50,101014,8,1204003153,1175,442,13821,18576,1931,633,74000,3606,994,337113,1
694,50,101014,8,1203920292,1162,423,13833,18591,1920,617,74500,3976,1096,312537,1
695,50,101014,8,1203935278,1175,418,13832,18581,1920,617,74500,3903,1076,317110,1
696,50,101014,8,1203950299,1194,431,13829,18583,1911,601,75000,3919,1081,316047,1
697,50,101014,8,1203942784,1199,441,13818,18575,1911,601,75000,3807,1050,323228,1
698,50,101014,8,1203988007,1192,450,13824,18574,1918,612,74500,4240,1169,297052,1
699,50,101014,8,1203912812,1175,420,13825,18583,1918,612,74500,4299,1185,293822,1
700,50,101014,8,1203988007,1200,448,13814,18576,1918,612,74500,3863,1065,319610,1
701,50,101014,8,1203890426,1189,448,13819,18581,1938,645,73750,4943,1363,262525,1
702,50,101014,8,1203957823,1202,440,13820,18573,1938,645,73750,4490,1238,283792,1
703,50,101014,8,1203920292,1201,450,13818,18566,1929,629,74000,3775,1041,325425,1
704,50,101014,8,1203890426,1197,449,13819,18554,1929,629,74000,2641,729,424065,1
705,50,101012,8,1203868118,1204,453,13824,18567,1929,629,74000,1523,421,604606,1
706,50,101012,8,1203853289,1189,439,13821,18567,1929,629,74000,1103,305,720042,1
707,50,101012,8,1203935278,1202,448,13821,18572,1938,645,73750,1360,376,644631,1
708,50,101012,8,1203838495,1201,459,13811,18554,1938,645,73750,1167,323,699585,1
709,50,101012,8,1203845888,1186,443,13821,18561,1938,645,73750,687,191,887584,1
710,50,101012,8,1203882981,1205,446,13815,18569,1929,629,74000,765,212,850407,1
711,50,101012,8,1203853289,1236,453,13809,18574,1929,629,74000,913,253,787786,1
712,50,101012,8,1203838495,1209,448,13810,18565,1929,629,74000,1608,444,585628,1
713,50,101012,8,1203920292,1234,462,13803,18551,1929,629,74000,1608,444,585628,1
714,50,101012,8,1203860699,1198,448,13814,18557,1938,645,73750,1832,506,540944,1
715,50,101012,8,1203801661,1231,445,13809,18562,1938,645,73750,1803,498,546428,1
716,50,101012,8,1203853289,1219,450,13801,18559,1938,645,73750,1917,529,525742,1
717,50,101012,8,1203897879,1228,457,13808,18551,1938,645,73750,2121,586,492520,1
718,50,101012,8,1203868118,1223,456,13807,18556,1938,645,73750,2059,568,502070,1
719,50,101010,8,1203831111,1227,458,13806,18548,1938,645,73750,2514,694,438926,1
720,50,101014,8,1203838495,1214,470,13809,18552,1949,661,73250,2316,639,464250,0
721,50,101014,8,1203845888,1195,446,13821,18558,1949,661,73250,2421,668,450439,0
722,50,101014,8,1204064095,1203,453,13812,18552,1949,661,73250,2290,632,467957,0
723,50,101012,8,1204631468,674,337,14082,18660,1813,465,79000,2335,644,461802,0
724,50,101012,7,1205061978,491,253,14215,18733,855,69,109250,1845,510,538621,0
725,50,101012,7,1205343016,425,219,14270,18784,671,41,115500,1531,423,602757,0
726,50,101012,7,1205520961,400,174,14310,18834,577,26,119750,1399,387,634482,0
727,50,101012,6,1205616425,400,156,14331,18881,515,17,122750,1209,334,686852,0
728,50,101012,6,1205713168,400,135,14335,18904,473,11,125250,1106,306,718811,0
729,50,101012,6,1205910598,400,115,14355,18931,448,7,127000,1403,388,633482,0
730,50,101012,6,1205870684,400,95,14352,18961,436,5,127750,1182,327,694910,0
731,50,101012,6,1205910598,400,87,14368,18981,423,3,128500,1065,295,732543,0
732,50,101012,6,1205930636,400,73,14364,19001,402,0,130000,1103,305,720042,0
733,50,101012,6,1205910598,400,59,14370,19021,400,0,130500,964,267,768161,0
734,50,101012,6,1206103190,400,46,14370,19040,400,0,131000,985,273,760000,0
735,50,101012,6,1206011338,400,39,14368,19053,400,0,131250,1067,295,731276,0
736,50,101012,6,1206062227,400,42,14357,19046,400,0,131750,926,257,782094,0
737,50,101012,5,1206154712,400,35,14365,19063,400,0,131750,1030,285,744104,0
738,50,101012,5,1206052021,400,24,14368,19076,400,0,131750,945,262,775075,0
739,50,101012,5,1206113466,400,26,14364,19076,405,0,131250,926,257,782094,0
740,50,101012,5,1206196187,400,21,14363,19073,410,1,131000,810,225,829665,0
741,50,101012,5,1206175421,400,18,14374,19096,405,0,131250,768,213,848780,0
742,50,101012,5,1206217011,400,15,14370,19094,405,0,131250,793,220,837540,0
743,50,101012,5,1206206592,400,14,14358,19092,405,0,131250,796,221,835955,0
744,50,101012,5,1206082680,400,15,14362,19099,400,0,131750,1042,288,740217,0
745,50,101012,5,1206072447,400,3,14367,19105,405,0,131250,1312,363,657161,0
746,50,101012,5,1206217011,400,0,14366,19102,405,0,131250,1262,349,671189,0
747,50,101012,5,1206185797,400,5,14370,19114,405,0,131250,1426,394,627531,0
748,50,101012,5,1206123756,400,0,14366,19120,405,0,131250,1538,425,600916,0
749,50,101012,5,1206144379,400,0,14358,19119,410,1,131000,978,271,762704,0
750,50,101012,5,1206134061,400,2,14360,19110,410,1,131000,1378,381,639524,0
751,50,101012,5,1206103190,400,1,14357,19118,405,0,131250,1324,366,653992,0
752,50,101012,5,1206217011,400,0,14355,19120,405,0,131250,1101,305,720042,0
753,50,101012,5,1206134061,400,8,14354,19113,403,0,131250,1008,279,751982,0
754,50,101012,5,1206103190,400,8,14346,19112,403,0,131250,1045,289,738929,0
755,50,101012,5,1206052021,400,6,14358,19109,403,0,131250,1135,314,709090,0
756,50,101012,5,1206185797,400,4,14362,19117,403,0,131250,1135,314,709090,0
757,50,101012,5,1206134061,400,7,14355,19115,411,1,130500,1075,298,728755,0
758,50,101012,5,1206123756,400,0,14361,19124,403,0,131250,1075,298,728755,0
759,50,101012,5,1206123756,400,7,14352,19122,422,3,129750,1064,295,732543,0
760,50,101012,5,1206206592,400,0,14363,19118,411,1,130500,1204,333,687994,0
761,50,101012,5,1206154712,400,4,14353,19122,409,1,131000,1147,317,705501,0
762,50,101012,5,1206196187,400,0,14356,19125,411,1,130500,1197,331,690287,0
763,50,101012,5,1206196187,400,7,14349,19123,411,1,130500,1262,349,671189,0
764,50,101012,5,1206082680,400,3,14348,19124,417,2,130000,1166,323,699585,0
765,50,101012,5,1206072447,400,7,14351,19121,417,2,130000,1258,348,672289,0
766,50,101012,5,1206072447,400,1,14356,19119,417,2,130000,1208,334,686852,0
767,50,101012,5,1206154712,400,9,14345,19105,417,2,130000,1173,325,697241,0
768,50,101012,5,1206237892,400,7,14342,19106,417,2,130000,1143,316,706694,0
769,50,101012,5,1206134061,400,10,14352,19115,435,5,129000,1105,306,718811,0
770,50,101012,5,1206175421,400,0,14353,19124,417,2,130000,1162,322,700761,0
771,50,101012,5,1206092928,400,10,14353,19120,417,2,130000,1197,331,690287,0
772,50,101012,5,1206154712,400,2,14352,19124,417,2,130000,1250,346,674496,0
773,50,101010,5,1206103190,400,8,14351,19122,417,2,130000,1178,326,696074,0
774,50,101010,5,1206082680,400,4,14343,19113,417,2,130000,1200,332,689139,0
775,50,101010,5,1206185797,400,14,14332,19094,422,3,129750,1169,323,698411,0
776,50,101010,5,1206227444,400,4,14345,19116,417,2,130000,1262,349,671189,0
777,50,101010,5,1206052021,400,2,14352,19121,422,3,129750,1231,341,680067,0
778,50,101010,5,1206154712,400,5,14342,19119,435,5,129000,1185,328,693750,0
779,50,101010,5,1206185797,400,13,14347,19109,435,5,129000,1215,336,684578,0
780,50,101010,5,1206144379,400,10,14349,19107,422,3,129750,1109,307,717584,1
781,50,101010,5,1206206592,400,9,14344,19110,435,5,129000,1166,323,699585,1
782,50,101010,5,1205910598,452,32,14243,19073,403,0,131250,1258,348,672289,1
783,50,101012,6,1205296920,720,86,14038,18998,1068,101,104750,1442,399,623614,1
784,50,101012,6,1204929959,859,138,13935,18921,1628,270,88500,1984,548,514054,1
785,50,101012,7,1204690125,960,166,13894,18883,1756,399,82250,2388,659,454576,1
786,50,101012,7,1204532090,1081,202,13863,18818,1855,523,77750,2461,679,445203,1
787,50,101012,7,1204369685,1115,228,13856,18785,1874,547,77000,2586,714,430028,1
788,50,101012,8,1204337676,1102,253,13851,18746,1884,561,76500,2835,782,402880,1
789,50,101012,8,1204385747,1123,284,13842,18719,1874,547,77000,2953,815,391189,1
790,50,101012,8,1204289955,1093,302,13854,18696,1874,547,77000,3036,837,383203,1
791,50,101012,8,1204219017,1105,320,13844,18685,1874,547,77000,2892,798,396972,1
792,50,101012,8,1204282035,1104,339,13849,18673,1874,547,77000,2718,750,415087,1
793,50,101012,8,1204117897,1133,352,13841,18653,1884,561,76500,2752,759,411471,1
794,50,101012,8,1204117897,1102,367,13843,18655,1884,561,76500,2799,772,406385,1
795,50,101012,8,1204125620,1127,377,13840,18636,1884,561,76500,3096,854,377706,1
796,50,101012,8,1204211183,1131,385,13840,18645,1884,561,76500,2921,806,394065,1
797,50,101012,8,1204087099,1130,400,13840,18623,1884,561,76500,3136,865,374104,1
798,50,101012,8,1204110184,1147,405,13837,18616,1905,592,75750,3171,865,370992,1
799,50,101012,8,1204125620,1123,399,13838,18622,1894,576,76000,3171,875,370992,1
800,50,101012,8,1204094784,1141,405,13840,18623,1905,592,75750,3081,850,379069,1
801,50,101012,8,1204048805,1155,413,13825,18610,1905,592,75750,3096,854,377706,1
802,50,101012,8,1204148844,1157,410,13825,18604,1914,607,75250,3025,834,384130,1
803,50,101012,8,1204164373,1171,430,13825,18595,1905,592,75750,2996,826,386931,1
804,50,101012,8,1204110184,1159,430,13830,18599,1914,607,75250,3025,834,384130,1
805,50,101012,8,1204064095,1138,427,13827,18609,1914,607,75250,3116,860,375898,1
806,50,101012,8,1203905341,1163,428,13824,18599,1914,607,75250,3085,851,378614,1
807,50,101012,8,1204048805,1169,437,13823,18595,1925,623,75000,3131,864,374551,1
808,50,101012,8,1204041174,1169,444,13827,18585,1925,623,75000,3126,862,375000,1
809,50,101012,8,1204102480,1165,462,13819,18576,1922,619,75000,3070,847,379982,1
810,50,101012,8,1204056446,1156,440,13830,18595,1913,603,75250,3248,896,364447,1
811,50,101010,8,1204010739,1159,436,13821,18584,1922,619,75000,3462,955,347368,1
812,50,101010,8,1204087099,1163,456,13821,18572,1922,619,75000,3362,927,355139,1
813,50,101010,8,1204010739,1161,456,13821,18576,1933,634,74500,3111,858,376349,1
814,50,101010,8,1204102480,1148,445,13825,18582,1933,634,74500,3300,910,360174,1
815,50,101010,8,1204087099,1155,450,13821,18578,1933,634,74500,3462,955,347368,1
816,50,101010,8,1204133352,1165,448,13827,18584,1922,619,75000,3357,926,355555,1
817,50,101010,8,1204071754,1176,463,13813,18578,1942,651,74000,3269,902,362729,1
818,50,101010,8,1204025939,1173,450,13821,18585,1933,634,74500,3504,966,344167,1
819,50,101010,8,1204079422,1193,460,13808,18565,1942,651,74000,3315,914,358906,1
820,50,101010,8,1204071754,1189,465,13811,18567,1922,619,75000,3106,857,376801,1
821,50,101010,8,1203942784,1179,468,13810,18562,1933,634,74500,3341,921,356806,1
822,50,101010,8,1203995575,1162,460,13819,18572,1942,651,74000,3563,983,339832,1
823,50,101010,8,1203995575,1194,473,13807,18557,1933,634,74500,3748,1034,326902,1
824,50,101008,8,1203950299,1176,473,13814,18562,1933,634,74500,3671,1012,332142,1
825,50,101008,8,1204010739,1194,469,13807,18556,1942,651,74000,3864,1065,319251,1
826,50,101008,8,1204003153,1187,474,13813,18559,1942,651,74000,3798,1047,323592,1
827,50,101008,8,1203972897,1200,464,13811,18551,1953,667,73750,3655,1008,333280,1
828,50,101008,8,1203980448,1167,466,13819,18566,1942,651,74000,3590,990,337887,1
829,50,101008,8,1203988007,1205,470,13809,18560,1942,651,74000,3383,933,353483,1
830,50,101008,8,1204003153,1180,480,13800,18553,1942,651,74000,3892,1073,317465,1
831,50,101008,8,1203950299,1197,483,13809,18554,1942,651,74000,4085,1126,305675,1
832,50,101010,8,1203957823,1200,493,13806,18552,1942,651,74000,4119,1136,303655,1
833,50,101010,8,1203972897,1204,481,13805,18555,1953,667,73750,4056,1118,307371,1
834,50,101010,8,1203995575,1183,476,13814,18554,1953,667,73750,3698,1020,330258,1
835,50,101010,8,1203980448,1180,474,13814,18574,1953,667,73750,3457,953,347771,1
836,50,101010,8,1203988007,1173,470,13807,18562,1964,685,73250,3494,964,344963,1
837,50,101010,8,1203920292,1212,485,13800,18556,1953,667,73750,3836,1058,321050,1
838,50,101008,8,1204041174,1204,473,13805,18557,1964,685,73250,4460,1230,285021,1
839,50,101008,8,1203920292,1191,488,13809,18554,1953,667,73750,3836,1058,321050,1
840,50,101008,8,1204041174,1205,474,13806,18555,1953,667,73750,3489,962,345362,0
841,50,101008,8,1203965355,1208,491,13805,18549,1964,685,73250,3378,932,353896,0
842,50,101008,8,1203942784,1221,485,13806,18542,1953,667,73750,3378,932,353896,0
843,50,101008,8,1204507475,757,397,14002,18618,1892,573,76000,3898,1075,317110,0
844,50,101008,8,1205017691,540,314,14179,18702,1504,174,95750,3300,910,360174,0
845,50,101008,7,1205251123,430,235,14254,18772,913,78,108250,2501,690,440057,0
846,50,101008,7,1205558995,400,209,14280,18798,726,49,114500,2174,600,483900,0
847,50,101008,6,1205597230,400,176,14312,18867,605,31,119250,1763,487,553608,0
848,50,101008,6,1205870684,400,152,14324,18892,496,14,125000,1439,398,623614,0
849,50,101008,6,1205890613,400,133,14334,18911,470,10,126500,1723,476,560937,0
850,50,101008,6,1205940676,400,121,14347,18943,450,7,127750,1695,468,566744,0
851,50,101008,6,1206092928,400,108,14356,18973,424,3,129250,1515,419,605535,0
852,50,101008,6,1206082680,400,93,14359,18988,420,3,129750,1527,422,602757,0
853,50,101008,6,1206134061,400,77,14371,19011,407,1,131000,1576,435,591847,0
854,50,101008,6,1206144379,400,73,14366,19020,401,0,131250,1487,411,612096,0
855,50,101008,6,1206092928,400,56,14370,19034,409,1,130500,1419,392,628517,0
856,50,101008,6,1206134061,400,46,14370,19054,401,0,131250,1376,380,639524,0
857,50,101008,6,1206154712,400,45,14366,19056,400,0,131750,1459,403,618773,0
858,50,101006,6,1206154712,400,41,14366,19062,400,0,131750,1321,365,653992,0
859,50,101006,6,1206300886,400,31,14376,19077,400,0,131750,1175,325,696074,0
860,50,101006,6,1206206592,400,24,14372,19091,400,0,132500,1009,279,750659,0
861,50,101006,6,1206185797,400,18,14376,19088,400,0,132500,1271,352,667909,0
862,50,101006,5,1206322002,400,14,14366,19100,410,1,131750,1479,409,613992,0
863,50,101006,5,1206196187,400,14,14365,19095,406,0,132250,1369,379,641559,0
864,50,101006,5,1206322002,400,12,14359,19105,409,1,131750,1333,369,650847,0
865,50,101006,5,1206227444,400,17,14356,19100,409,1,131750,1468,406,616853,0
866,50,101006,5,1206227444,400,16,14354,19088,409,1,131750,1625,449,581250,0
867,50,101006,5,1206322002,400,19,14360,19092,405,0,132250,1487,411,612096,0
868,50,101006,5,1206300886,400,13,14363,19102,405,0,132250,1459,403,618773,0
869,50,101004,5,1206407056,400,11,14362,19114,405,0,132250,1625,449,581250,0
870,50,101004,5,1206353785,400,4,14360,19114,405,0,132250,1256,347,672289,0
871,50,101004,5,1206258832,400,4,14367,19115,409,1,131750,1256,347,672289,0
872,50,101004,5,1206343176,400,4,14357,19122,405,0,132250,1271,352,667909,0
873,50,101004,5,1206343176,400,5,14353,19108,405,0,132250,1252,346,673391,0
874,50,101004,5,1206248355,400,4,14355,19114,420,3,131000,1287,356,663576,0
875,50,101004,5,1206227444,400,5,14349,19104,420,3,131000,1341,371,648764,0
876,50,101004,5,1206353785,400,1,14363,19127,414,2,131250,1380,382,638510,0
877,50,101002,5,1206290351,400,9,14352,19115,414,2,131250,1408,389,631488,0
878,50,101002,5,1206407056,400,0,14365,19134,414,2,131250,1353,374,645660,0
879,50,101002,5,1206227444,400,11,14355,19114,414,2,131250,1392,385,635485,0
880,50,101002,5,1206343176,400,3,14360,19129,414,2,131250,1476,408,614943,0
881,50,101002,5,1206343176,400,0,14351,19124,420,3,131000,1248,345,674496,0
882,50,101002,5,1206206592,400,0,14363,19126,414,2,131250,1424,394,627531,0
883,50,101002,5,1206343176,400,9,14353,19120,420,3,131000,1321,365,653992,0
884,50,101002,5,1206227444,400,4,14358,19125,422,3,130500,1752,484,555223,0
885,50,101000,5,1206353785,400,3,14355,19125,414,2,131250,1752,484,555223,0
886,50,101000,5,1206343176,400,14,14353,19115,414,2,131250,1686,466,568421,0
887,50,101000,5,1206217011,400,2,14352,19124,420,3,131000,1666,460,572647,0
888,50,101000,5,1206175421,400,7,14352,19115,422,3,130500,1463,404,617812,0
889,50,101000,5,1206300886,400,8,14348,19112,422,3,130500,1345,372,647727,0
890,50,101000,5,1206311437,400,7,14350,19117,422,3,130500,1248,345,674496,0
891,50,101000,5,1206237892,400,7,14350,19113,422,3,130500,1275,353,666821,0
892,50,101000,5,1206375049,400,6,14355,19119,422,3,130500,1740,481,557661,0
893,50,101000,5,1206343176,400,2,14356,19128,422,3,130500,1519,420,604606,0
894,50,100999,5,1206353785,400,12,14344,19120,434,5,129750,1306,361,658223,0
895,50,100999,5,1206217011,400,9,14350,19122,422,3,130500,1306,361,658223,0
896,50,100999,5,1206258832,400,11,14347,19113,422,3,130500,1540,426,600000,0
897,50,100999,5,1206343176,400,9,14351,19115,420,3,131000,1404,388,632484,0
898,50,100999,5,1206258832,400,9,14349,19112,422,3,130500,1535,424,600916,0
899,50,100999,5,1206248355,400,9,14355,19126,422,3,130500,1318,364,655045,0
900,50,100999,5,1206322002,400,14,14340,19107,422,3,130500,1552,429,597262,1
901,50,100999,5,1206279830,400,13,14341,19109,427,4,130000,1279,354,665737,1
902,50,100999,6,1205791501,451,37,14238,19089,478,11,127000,1499,414,609270,1
903,50,100999,6,1205436117,699,87,14048,19002,1110,108,104250,1698,469,565909,1
904,50,100999,7,1204929959,817,122,13954,18945,1595,242,91000,2383,658,454576,1
905,50,100999,7,1204791878,908,168,13902,18876,1718,356,84500,3152,869,372321,1
906,50,100999,7,1204648175,987,196,13883,18820,1784,432,81250,2952,814,390713,1
907,50,100999,7,1204664924,996,218,13880,18788,1820,476,79750,3157,871,371877,1
908,50,100999,8,1204556797,986,238,13879,18764,1830,488,79250,3152,869,372321,1
909,50,100999,8,1204565053,1002,252,13879,18745,1830,488,79250,3291,908,360598,1
910,50,100999,8,1204482950,987,273,13880,18726,1830,488,79250,3239,893,364878,1
911,50,100999,8,1204442275,980,302,13878,18710,1838,499,79000,3081,850,378614,1
912,50,100999,8,1204474795,1003,302,13878,18701,1838,499,79000,2947,813,391189,1
913,50,100999,8,1204565053,967,312,13888,18696,1838,499,79000,3188,879,369230,1
914,50,100999,8,1204393793,980,330,13885,18686,1830,488,79250,3321,916,358064,1
915,50,100995,8,1204329699,980,327,13879,18679,1838,499,79000,3213,886,367045,1
916,50,100995,8,1204507475,1002,352,13873,18666,1838,499,79000,3260,899,363157,1
917,50,100995,8,1204393793,979,349,13879,18671,1838,499,79000,3352,924,355555,1
918,50,100995,8,1204401849,995,364,13871,18656,1838,499,79000,3280,905,361448,1
919,50,100995,8,1204377711,1002,357,13874,18659,1849,514,78500,3384,933,353071,1
920,50,100995,8,1204434170,1022,380,13864,18634,1847,511,78500,3249,896,364016,1
921,50,100997,8,1204329699,980,364,13879,18646,1847,511,78500,3203,883,367917,1
922,50,100997,8,1204353661,1002,375,13873,18641,1863,535,77750,3280,905,361448,1
923,50,100997,8,1204377711,1015,397,13865,18631,1863,535,77750,3473,958,346163,1
924,50,100997,8,1204274124,1009,399,13863,18626,1875,548,77250,3400,938,351838,1
925,50,100997,8,1204305823,1042,411,13859,18612,1863,535,77750,3218,888,366610,1
926,50,100997,8,1204337676,1051,409,13856,18617,1875,548,77250,3270,902,362301,1
927,50,100997,8,1204258332,1054,413,13858,18616,1883,559,77000,3384,933,353071,1
928,50,100997,8,1204211183,1044,409,13854,18617,1883,559,77000,3384,933,353071,1
929,50,100997,8,1204289955,1069,426,13849,18616,1893,575,76500,3363,928,354724,1
930,50,100997,8,1204266223,1040,398,13855,18622,1893,575,76500,3332,919,357225,1
931,50,100997,8,1204226861,1082,407,13842,18618,1893,575,76500,3421,943,350203,1
932,50,100997,8,1204164373,1105,425,13832,18601,1914,605,75750,3342,922,356389,1
933,50,100995,8,1204226861,1090,427,13847,18615,1914,605,75750,3342,922,356389,1
934,50,100995,8,1204164373,1099,420,13837,18609,1903,590,76000,3203,883,367917,1
935,50,100995,8,1204242578,1125,448,13831,18587,1903,590,76000,3275,903,361875,1
936,50,100995,8,1204125620,1113,443,13832,18591,1914,605,75750,3337,920,356806,1
937,50,100995,8,1204172151,1127,443,13834,18585,1914,605,75750,3369,929,354310,1
938,50,100995,8,1204141093,1121,452,13831,18579,1923,621,75250,3468,956,346564,1
939,50,100995,8,1204141093,1119,444,13830,18589,1914,605,75750,3760,1037,325793,1
940,50,100995,8,1204148844,1090,437,13833,18596,1923,621,75250,3771,1040,325058,1
941,50,100995,8,1204164373,1088,427,13830,18598,1934,637,75000,3826,1055,321412,1
942,50,100995,8,1204141093,1135,449,13822,18582,1923,621,75250,3826,1055,321412,1
943,50,100993,8,1204133352,1130,450,13826,18579,1923,621,75250,3683,1016,331010,1
944,50,100993,8,1204102480,1161,465,13810,18565,1923,621,75250,3705,1022,329508,1
945,50,100993,8,1204087099,1124,450,13822,18569,1934,637,75000,3793,1046,323592,1
946,50,100993,8,1204102480,1125,458,13823,18574,1934,637,75000,3782,1043,324324,1
947,50,100993,8,1204071754,1116,453,13823,18580,1934,637,75000,3793,1046,323592,1
948,50,100993,8,1204187736,1121,446,13817,18580,1934,637,75000,3926,1083,314988,1
949,50,100993,8,1204179939,1131,456,13817,18573,1934,637,75000,3909,1078,316047,1
950,50,100993,8,1204164373,1134,448,13822,18577,1934,637,75000,3881,1070,317821,1
951,50,100991,8,1204141093,1149,461,13813,18569,1965,687,73750,3732,1029,327643,1
952,51,100995,8,1204148844,1153,460,13810,18568,1943,653,74500,3678,1014,331387,1
953,51,100995,8,1204048805,1152,461,13817,18572,1943,653,74500,3865,1066,318893,1
954,51,100993,8,1204079422,1162,470,13813,18566,1954,670,74000,3776,1041,324690,1
955,51,100993,8,1204133352,1170,463,13818,18577,1934,637,75000,3705,1022,329508,1
956,51,100993,8,1204079422,1176,479,13803,18551,1943,653,74500,3842,1059,320329,1
957,51,100993,8,1204087099,1135,468,13816,18559,1954,670,74000,3804,1049,322863,1
958,51,100993,8,1204079422,1170,488,13807,18543,1943,653,74500,3994,1101,310802,1
959,51,100993,8,1204079422,1163,493,13806,18550,1954,670,74000,3765,1038,325425,1
960,51,100993,8,1204087099,1140,471,13812,18558,1954,670,74000,3977,1097,311842,0
961,51,100991,8,1204156604,1156,473,13813,18557,1954,670,74000,4187,1154,299341,0
962,51,100991,8,1204589881,749,390,14004,18628,1683,322,86250,3907,1077,316047,0
963,51,100993,8,1205169433,537,291,14161,18701,1228,126,102000,2886,796,396972,0
964,51,100993,7,1205370818,435,238,14238,18767,844,67,111250,2565,708,431676,0
965,51,100993,7,1205492568,400,209,14275,18796,690,44,116500,2354,650,458168,0
966,51,100993,7,1205752229,400,176,14304,18850,596,29,120500,1817,502,542502,0
967,51,100993,6,1205890613,400,161,14325,18886,539,21,123250,1659,458,573498,0
968,51,100993,6,1205860739,400,132,14333,18922,500,15,125250,1688,466,567581,0
969,51,100993,6,1206082680,400,121,14333,18936,482,12,126500,1654,457,574351,0
970,51,100991,6,1206031652,400,97,14346,18974,461,9,127750,1704,471,564244,0
971,51,100991,6,1206185797,400,103,14342,18973,432,4,129750,1704,471,564244,0
972,51,100991,6,1206237892,400,83,14355,19005,420,3,130500,1606,444,584748,0
973,51,100991,6,1206217011,400,78,14349,19007,417,2,131000,1638,453,577784,0
974,51,100991,6,1206196187,400,58,14362,19033,417,2,131000,1700,470,565075,0
975,51,100991,6,1206217011,400,56,14360,19043,414,2,131000,1775,490,550399,0
976,51,100991,6,1206300886,400,48,14358,19044,408,1,131250,1729,478,559295,0
977,51,100991,6,1206196187,400,46,14358,19056,403,0,131750,1876,518,531742,0
978,51,100991,6,1206300886,400,43,14359,19070,403,0,131750,1943,537,519847,0
979,51,100991,6,1206353785,400,39,14356,19069,408,1,131250,1834,507,539393,0
980,51,100991,6,1206290351,400,36,14358,19070,416,2,130500,1804,498,544852,0
981,51,100991,6,1206248355,400,34,14350,19072,408,1,131250,1654,457,574351,0
982,51,100991,6,1206258832,400,28,14358,19092,403,0,131750,1549,428,597262,0
983,51,100991,6,1206269323,400,26,14354,19090,403,0,131750,1513,418,605535,0
984,51,100991,6,1206290351,400,25,14352,19092,400,0,132250,1469,406,615897,0
985,51,100989,6,1206279830,400,22,14357,19104,405,0,131750,1667,461,571797,0
986,51,100989,6,1206396372,400,16,14355,19093,405,0,131750,1931,533,522045,0
987,51,100989,6,1206258832,400,14,14355,19102,405,0,131750,1783,492,548805,0
988,51,100989,6,1206258832,400,18,14345,19105,409,1,131250,1771,489,551198,0
989,51,100989,6,1206332581,400,21,14348,19101,415,2,131000,1626,449,580380,0
990,51,100989,6,1206364410,400,16,14352,19091,415,2,131000,1173,325,696074,0
991,51,100989,6,1206300886,400,11,14355,19101,409,1,131250,1120,310,712710,0
992,51,100989,6,1206322002,400,10,14346,19101,415,2,131000,1200,332,687994,0
993,51,100989,6,1206407056,400,6,14365,19115,409,1,131250,1203,333,686852,0
994,51,100989,6,1206322002,400,20,14344,19100,405,0,131750,1261,349,670093,0
995,51,100989,6,1206322002,400,5,14354,19118,415,2,131000,1378,381,638510,0
996,51,100989,6,1206385703,400,11,14347,19110,405,0,131750,1417,392,628517,0
997,51,100989,6,1206311437,400,3,14355,19116,409,1,131250,1497,414,609270,0
998,51,100989,6,1206364410,400,13,14350,19107,409,1,131250,1654,457,574351,0
999,51,100989,6,1206449942,400,15,14356,19108,417,2,130500,1601,442,585628,0
1000,51,100987,6,1206279830,400,13,14350,19107,415,2,131000,1867,516,533259,0
1001,51,100987,6,1206385703,400,13,14338,19106,417,2,130500,1280,354,664655,0
1002,51,100987,6,1206385703,400,3,14349,19113,415,2,131000,1909,527,525742,0
1003,51,100987,6,1206407056,400,6,14342,19115,415,2,131000,1533,424,600916,0
1004,51,100987,6,1206396372,400,5,14347,19107,415,2,131000,2122,586,491179,0
1005,51,100987,6,1206364410,400,4,14348,19115,415,2,131000,1871,517,532500,0
1006,51,100987,6,1206300886,400,8,14346,19106,417,2,130500,1598,442,586510,0
1007,51,100987,6,1206279830,400,9,14348,19114,417,2,130500,1646,455,576063,0
1008,51,100987,6,1206407056,400,1,14347,19120,427,4,129750,1296,358,660356,0
1009,51,100987,6,1206375049,400,6,14348,19116,427,4,129750,1441,398,622641,0
1010,51,100987,6,1206322002,400,10,14346,19115,417,2,130500,1821,503,541722,0
1011,51,100987,6,1206279830,400,7,14340,19113,417,2,130500,1680,464,569262,0
1012,51,100987,5,1206407056,400,7,14353,19108,417,2,130500,1593,440,587394,0
1013,51,100987,5,1206300886,400,6,14346,19121,417,2,130500,1529,423,601835,0
1014,51,100985,5,1206290351,400,7,14341,19109,417,2,130500,1529,423,601835,0
1015,51,100985,5,1206279830,400,14,14334,19101,423,3,130000,1525,421,602757,0
1016,51,100985,5,1206375049,400,11,14344,19104,423,3,130000,1741,481,556846,0
1017,51,100985,5,1206449942,400,8,14338,19115,423,3,130000,1859,513,534782,0
1018,51,100985,5,1206322002,400,9,14345,19108,427,4,129750,1908,527,525742,0
1019,51,100985,5,1206396372,400,5,14349,19107,427,4,129750,1711,473,562587,0
1020,51,100985,5,1206353785,400,8,14344,19116,423,3,130000,1528,422,601835,1
1021,51,100985,5,1206428469,400,13,14338,19102,423,3,130000,1699,469,565075,1
1022,51,100985,6,1206041830,400,19,14277,19091,473,11,127000,1820,503,541722,1
1023,51,100985,6,1205635670,610,63,14106,19031,995,90,106750,1782,492,548805,1
1024,51,100987,6,1205251123,766,109,13984,18951,1553,209,93500,2293,633,466098,1
1025,51,100987,7,1205008867,844,150,13926,18894,1681,320,86250,2475,683,442333,1
1026,51,100987,7,1204834730,878,176,13913,18866,1739,376,83250,2536,700,435000,1
1027,51,100987,7,1204808987,938,209,13887,18806,1772,417,81750,2730,753,413015,1
1028,51,100987,8,1204598178,903,215,13898,18795,1788,436,81000,2787,769,406890,1
1029,51,100987,8,1204548551,962,238,13873,18756,1772,417,81750,2968,819,388815,1
1030,50,100983,8,1204540316,985,255,13878,18733,1788,436,81000,3057,843,380440,1
1031,50,100983,8,1204458515,992,265,13869,18721,1798,446,80500,3194,881,368354,1
1032,50,100983,8,1204417990,984,288,13868,18710,1798,446,80500,3565,983,339052,1
1033,50,100983,8,1204369685,1010,289,13863,18702,1833,492,79000,3437,948,348579,1
1034,50,100983,8,1204337676,1056,322,13844,18680,1843,505,78500,3459,954,346966,1
1035,50,100983,8,1204426075,1074,344,13841,18660,1852,518,78000,3328,918,357225,1
1036,50,100983,8,1204329699,1065,351,13844,18658,1860,529,77750,3240,894,364447,1
1037,50,100983,8,1204313772,1076,374,13835,18653,1889,570,76500,3597,992,336727,1
1038,50,100983,8,1204258332,1098,372,13835,18636,1879,554,77000,3560,982,339442,1
1039,50,100983,8,1204258332,1105,379,13825,18630,1879,554,77000,3390,935,352248,1
1040,50,100983,8,1204187736,1106,379,13823,18624,1899,584,76000,3474,958,345762,1
1041,50,100983,8,1204305823,1146,402,13817,18615,1899,584,76000,3474,958,345762,1
1042,50,100983,8,1204226861,1119,412,13820,18607,1899,584,76000,3678,1014,331010,1
1043,50,100983,8,1204203358,1112,410,13820,18607,1899,584,76000,3448,951,347771,1
1044,50,100983,8,1204172151,1122,421,13821,18599,1910,599,75750,3826,1055,321050,1
1045,50,100981,8,1204156604,1144,414,13814,18603,1910,599,75750,3893,1073,316755,1
1046,50,100981,8,1204164373,1106,422,13816,18596,1919,614,75250,4081,1125,305337,1
1047,50,100981,8,1204234715,1141,423,13813,18600,1919,614,75250,3877,1069,317821,1
1048,50,100981,8,1204156604,1136,433,13809,18588,1930,631,75000,3549,979,340223,1
1049,50,100981,8,1204226861,1169,448,13806,18580,1919,614,75250,3527,973,341793,1
1050,51,100985,8,1204226861,1149,436,13812,18585,1930,631,75000,3766,1038,325058,1
1051,51,100985,8,1204148844,1152,448,13806,18578,1919,614,75250,3766,1038,325058,1
1052,51,100983,8,1204172151,1140,458,13813,18568,1939,647,74500,3793,1046,323228,1
1053,51,100983,8,1204141093,1159,456,13810,18570,1930,631,75000,3865,1066,318535,1
1054,51,100983,8,1204156604,1155,448,13808,18578,1930,631,75000,3771,1040,324690,1
1055,51,100983,8,1204117897,1152,446,13811,18582,1930,631,75000,3799,1048,322863,1
1056,51,100983,8,1204141093,1157,465,13804,18565,1930,631,75000,3854,1063,319251,1
1057,51,100983,8,1204087099,1144,453,13810,18578,1939,647,74500,3854,1063,319251,1
1058,51,100983,8,1204156604,1135,450,13814,18569,1939,647,74500,3821,1054,321412,1
1059,51,100983,8,1204110184,1179,465,13802,18573,1939,647,74500,3837,1058,320329,1
1060,51,100983,8,1204087099,1181,471,13799,18556,1950,664,74000,3733,1029,327272,1
1061,51,100983,8,1204102480,1173,472,13799,18561,1939,647,74500,3927,1083,314636,1
1062,51,100981,8,1204064095,1186,480,13797,18551,1950,664,74000,3972,1095,311842,1
1063,51,100981,8,1204148844,1172,484,13795,18549,1939,647,74500,3706,1022,329134,1
1064,51,100981,8,1204110184,1159,461,13802,18572,1950,664,74000,4052,1117,307031,1
1065,51,100981,8,1204048805,1160,475,13807,18557,1950,664,74000,3849,1061,319610,1
1066,51,100981,8,1204087099,1149,456,13802,18565,1950,664,74000,3972,1095,311842,1
1067,51,100981,8,1204056446,1215,473,13793,18546,1961,680,73750,4225,1165,297052,1
1068,51,100981,8,1204079422,1175,475,13797,18562,1950,664,74000,4336,1195,290954,1
1069,51,100981,8,1204071754,1204,470,13786,18546,1950,664,74000,4103,1131,303991,1
1070,51,100981,8,1204079422,1181,477,13793,18550,1950,664,74000,4360,1202,289692,1
1071,51,100981,8,1204079422,1173,476,13797,18563,1961,680,73750,4366,1204,289377,1
1072,51,100979,8,1204148844,1179,473,13797,18549,1950,664,74000,4396,1212,287811,1
1073,51,100979,8,1204087099,1177,490,13792,18537,1950,664,74000,4225,1165,297052,1
1074,51,100979,8,1204141093,1164,488,13796,18539,1961,680,73750,3995,1102,310457,1
1075,51,100979,8,1204064095,1188,501,13790,18536,1950,664,74000,4263,1175,294786,1
1076,51,100981,8,1204033552,1155,489,13796,18551,1972,698,73250,4060,1119,306352,1
1077,51,100981,8,1204064095,1157,473,13802,18555,1961,680,73750,4376,1206,288750,1
1078,51,100981,8,1204010739,1179,480,13795,18545,1950,664,74000,4147,1143,301322,1
1079,51,100981,8,1204133352,1189,487,13794,18550,1961,680,73750,4043,1115,307371,1
1080,51,100981,8,1204018334,1171,468,13791,18542,1950,664,74000,4598,1268,277453,0
1081,51,100981,8,1204125620,1167,489,13804,18552,1972,698,73250,4187,1154,299013,0
1082,51,100981,8,1204523875,752,404,13983,18606,1575,226,91750,3709,1023,328760,0
1083,51,100981,8,1204921247,598,329,14104,18667,1150,114,103000,3233,892,364878,0
1084,51,100981,7,1205232888,487,250,14186,18743,857,69,110250,2661,734,420334,0
1085,51,100981,7,1205333773,455,222,14218,18779,737,51,114500,2283,630,467336,0
1086,51,100981,7,1205568534,427,198,14231,18812,638,36,118000,2351,649,458168,0
1087,51,100979,7,1205597230,400,170,14260,18857,569,25,121250,2373,655,455172,0
1088,51,100979,7,1205664635,408,161,14252,18880,548,22,122500,2292,633,466098,0
1089,51,100977,7,1205752229,400,145,14271,18908,517,17,124000,2114,584,491849,0
1090,51,100977,6,1205732672,400,132,14268,18919,501,15,125000,2119,585,491179,0
1091,51,100977,6,1205771839,400,119,14273,18943,493,14,125250,1988,549,511907,0
1092,51,100977,6,1205811217,400,108,14276,18961,486,13,125750,2234,617,474237,0
1093,51,100977,6,1205930636,400,95,14282,18970,481,12,126000,1822,503,540944,0
1094,51,100977,6,1205920610,400,95,14269,18974,466,10,127000,1672,462,570105,0
1095,51,100981,6,1205890613,400,93,14269,18981,476,11,126500,1793,495,546428,0
1096,51,100981,6,1205960796,400,81,14289,19007,455,8,127750,1851,511,535546,0
1097,51,100981,6,1205910598,400,76,14280,19003,466,10,127000,1932,534,521311,0
1098,51,100981,6,1205850808,400,79,14278,19000,455,8,127750,2049,566,502070,0
1099,51,100981,6,1205950729,400,65,14285,19027,460,9,127250,1818,502,541722,0
1100,51,100979,6,1205910598,400,58,14287,19031,455,8,127750,1860,514,534020,0
1101,51,100979,6,1205940676,400,58,14287,19029,448,7,128000,1566,433,592744,0
1102,51,100979,6,1205910598,400,60,14276,19029,448,7,128000,1566,433,592744,0
1103,51,100979,6,1206052021,400,61,14286,19027,448,7,128000,1723,476,560115,0
1104,51,100979,6,1205960796,400,52,14293,19043,443,6,128500,1988,549,511907,0
1105,51,100979,6,1205991080,400,50,14291,19038,455,8,127750,1971,544,514772,0
1106,51,100979,6,1206092928,400,43,14294,19055,455,8,127750,2001,553,509774,0
1107,51,100979,6,1206196187,400,41,14287,19054,448,7,128000,2040,563,503457,0
1108,51,100979,6,1205991080,400,45,14289,19056,455,8,127750,2010,555,508360,0
1109,51,100979,6,1206001202,400,41,14280,19038,448,7,128000,1963,542,516214,0
1110,51,100979,6,1206092928,400,38,14288,19059,455,8,127750,1860,514,534020,0
1111,51,100979,6,1206134061,400,43,14289,19055,448,7,128000,1843,509,537080,0
1112,51,100979,6,1206031652,400,39,14293,19068,455,8,127750,1768,488,551198,0
1113,51,100979,6,1206092928,400,40,14293,19067,448,7,128000,1797,496,545639,0
1114,51,100979,6,1206113466,400,43,14288,19052,455,8,127750,1899,524,527232,0
1115,51,100977,6,1206041830,400,35,14294,19070,460,9,127250,1698,469,565075,0
1116,51,100977,6,1206031652,400,34,14290,19064,448,7,128000,1814,501,542502,0
1117,51,100977,6,1206154712,400,40,14294,19058,448,7,128000,1932,534,521311,0
1118,51,100977,6,1206092928,400,38,14290,19063,448,7,128000,1776,491,549601,0
1119,51,100977,6,1205991080,400,32,14295,19059,448,7,128000,1685,466,567581,0
1120,51,100977,6,1206154712,400,33,14294,19071,448,7,128000,1539,425,599085,0
1121,51,100977,6,1206041830,400,25,14298,19082,455,8,127750,1514,418,604606,0
1122,51,100977,6,1206134061,400,28,14294,19074,448,7,128000,1407,389,630495,0
1123,51,100977,6,1206021488,400,33,14289,19071,455,8,127750,1371,379,639524,0
1124,51,100977,6,1206206592,400,36,14291,19076,466,10,127000,1419,392,627531,0
1125,51,100975,6,1206052021,400,36,14288,19067,476,11,126500,1587,439,588281,0
1126,51,100975,6,1206134061,400,35,14291,19068,455,8,127750,1486,411,611152,0
1127,51,100975,6,1206144379,400,30,14290,19074,455,8,127750,1640,453,576923,0
1128,51,100975,6,1206082680,400,28,14289,19073,448,7,128000,1514,418,604606,0
1129,51,100975,6,1206154712,400,36,14291,19072,448,7,128000,1530,423,600916,0
1130,51,100975,6,1206196187,400,31,14291,19073,455,8,127750,1743,481,556034,0
1131,51,100975,6,1206052021,400,27,14299,19077,455,8,127750,2069,571,498627,0
1132,51,100975,6,1206134061,400,38,14299,19072,455,8,127750,1918,530,523519,0
1133,51,100975,6,1206154712,400,31,14292,19075,460,9,127250,1825,504,540168,0
1134,51,100975,6,1206103190,400,33,14299,19065,466,10,127000,1704,471,563414,0
1135,51,100973,6,1206185797,400,36,14293,19066,460,9,127250,1643,454,576063,0
1136,51,100973,6,1206123756,400,36,14296,19078,455,8,127750,1709,472,562587,0
1137,51,100973,6,1206217011,400,28,14297,19077,460,9,127250,1854,512,534782,0
1138,51,100973,6,1206062227,400,36,14291,19065,460,9,127250,1721,475,560115,0
1139,51,100973,6,1206082680,400,30,14296,19076,460,9,127250,1692,467,565909,0
1140,51,100973,6,1206154712,400,31,14297,19063,460,9,127250,1676,463,569262,1
1141,51,100973,6,1206092928,400,26,14304,19073,466,10,127000,1639,453,576923,1
1142,51,100973,6,1205900599,443,46,14232,19044,425,3,129250,1974,545,514054,1
1143,51,100973,6,1205587652,611,81,14098,18983,683,43,116000,2440,673,446359,1
1144,51,100973,7,1205269406,762,128,13978,18919,1651,290,87500,3175,876,369670,1
1145,51,100973,7,1204903856,844,159,13909,18869,1757,398,82250,3339,921,355971,1
1146,51,100973,7,1204749295,952,197,13877,18827,1818,473,79250,3443,950,347771,1
1147,51,100973,8,1204648175,951,212,13868,18800,1837,498,78500,3443,950,347771,1
1148,51,100973,8,1204565053,1010,239,13852,18755,1853,521,77750,3822,1054,321050,1
1149,51,100973,8,1204466650,1035,264,13850,18718,1853,521,77750,3822,1054,321050,1
1150,51,100973,8,1204491115,993,269,13855,18714,1846,509,78000,3712,1024,328387,1
1151,51,100973,8,1204434170,1016,281,13856,18703,1853,521,77750,3582,988,337500,1
1152,51,100973,8,1204450390,1006,314,13844,18682,1846,509,78000,3593,991,336727,1
1153,51,100973,8,1204353661,1044,340,13843,18663,1863,535,77250,3783,1043,323592,1
1154,51,100973,8,1204353661,1037,346,13842,18651,1863,535,77250,3636,1003,333661,1
1155,51,100971,8,1204369685,1034,345,13842,18653,1863,535,77250,3680,1015,330633,1
1156,51,100971,8,1204234715,1047,351,13835,18638,1863,535,77250,3756,1036,325425,1
1157,51,100971,8,1204377711,1070,374,13826,18627,1871,545,77000,3839,1059,319969,1
1158,51,100971,8,1204289955,1061,376,13832,18631,1871,545,77000,3795,1046,322863,1
1159,51,100971,8,1204282035,1081,400,13831,18616,1883,559,76500,3833,1057,320329,1
1160,51,100971,8,1204289955,1059,390,13834,18619,1883,559,76500,3962,1092,312189,1
1161,51,100971,8,1204329699,1072,399,13827,18608,1903,590,75750,3884,1071,317110,1
1162,51,100971,8,1204211183,1070,392,13820,18610,1893,575,76000,3856,1063,318893,1
1163,51,100971,8,1204258332,1086,413,13816,18597,1903,590,75750,3923,1082,314636,1
1164,51,100971,8,1204305823,1081,415,13823,18602,1903,590,75750,4058,1119,306352,1
1165,51,100971,8,1204337676,1068,421,13827,18597,1903,590,75750,4012,1106,309080,1
1166,51,100971,8,1204179939,1106,419,13818,18582,1903,590,75750,3900,1075,316047,1
1167,51,100971,8,1204172151,1087,435,13818,18583,1903,590,75750,3856,1063,318893,1
1168,51,100973,8,1204219017,1100,423,13821,18583,1903,590,75750,3767,1039,324690,1
1169,51,100973,8,1204289955,1106,424,13817,18584,1914,605,75250,3861,1065,318535,1
1170,51,100973,8,1204250450,1086,439,13814,18579,1914,605,75250,3658,1009,332142,1
1171,51,100973,8,1204274124,1086,429,13812,18580,1914,605,75250,3795,1046,322863,1
1172,51,100971,8,1204172151,1118,443,13809,18580,1923,621,75000,3750,1034,325793,1
1173,51,100971,8,1204110184,1107,438,13818,18586,1934,637,74500,4001,1103,309767,1
1174,51,100971,8,1204156604,1107,432,13816,18582,1934,637,74500,4420,1219,286257,1
1175,51,100971,8,1204172151,1122,455,13809,18570,1923,621,75000,4343,1197,290322,1
1176,51,100971,8,1204094784,1091,440,13816,18579,1923,621,75000,4238,1168,296078,1
1177,51,100971,8,1204164373,1121,445,13807,18572,1923,621,75000,3934,1085,313935,1
1178,51,100971,8,1204172151,1119,444,13815,18569,1923,621,75000,4047,1116,307031,1
1179,51,100971,8,1204141093,1129,451,13794,18558,1934,637,74500,4379,1207,288436,1
1180,51,100971,8,1204219017,1121,460,13801,18557,1934,637,74500,4081,1125,305000,1
1181,51,100971,8,1204226861,1130,458,13802,18564,1934,637,74500,3850,1062,319251,1
1182,51,100969,8,1204219017,1135,450,13804,18574,1943,653,74000,4254,1173,295108,1
1183,51,100969,8,1204117897,1141,463,13800,18564,1943,653,74000,3867,1066,318178,1
1184,51,100969,8,1204226861,1145,463,13799,18559,1943,653,74000,4001,1103,309767,1
1185,51,100969,8,1204117897,1125,460,13803,18566,1934,637,74500,4024,1110,308395,1
1186,51,100969,8,1204234715,1147,478,13796,18545,1934,637,74500,4139,1141,301654,1
1187,51,100969,8,1204179939,1127,479,13802,18542,1934,637,74500,3956,1091,312537,1
1188,51,100969,8,1204211183,1128,465,13805,18562,1943,653,74000,3925,1082,314285,1
1189,51,100967,8,1204102480,1150,475,13804,18566,1943,653,74000,3875,1068,317465,1
1190,51,100967,8,1204125620,1139,460,13793,18552,1943,653,74000,3999,1103,309767,1
1191,51,100967,8,1204156604,1152,488,13796,18541,1943,653,74000,4010,1106,309080,1
1192,51,100971,8,1204203358,1130,467,13800,18555,1954,670,73750,4010,1106,309080,1
1193,51,100969,8,1204164373,1159,468,13791,18550,1943,653,74000,4188,1155,298685,1
1194,51,100969,8,1204079422,1139,468,13801,18558,1943,653,74000,3954,1090,312537,1
1195,51,100969,8,1204133352,1134,475,13799,18551,1943,653,74000,4323,1192,291271,1
1196,51,100969,8,1204172151,1157,472,13786,18555,1943,653,74000,4136,1140,301654,1
1197,51,100969,8,1204079422,1145,470,13791,18537,1953,667,73750,3858,1064,318535,1
1198,51,100969,8,1204125620,1151,475,13798,18554,1953,667,73750,3858,1064,318535,1
1199,51,100969,8,1204102480,1155,470,13789,18546,1953,667,73750,4223,1164,296727,1
1200,51,100967,8,1204110184,1149,464,13786,18553,1953,667,73750,4346,1198,290007,0
